device_name,serial_number,model,device_type,location,rack,status,purchase_date
leaf-NYC-DC1-001,LEAF00101SN,N9K-C9336C-FX2,Leaf Switch,NYC,R34,Active,2025-08-19
leaf-NYC-DC1-002,LEAF00102SN,N9K-C93180YC-EX,Leaf Switch,NYC,R37,Active,2025-04-25
leaf-NYC-DC1-003,LEAF00103SN,N9K-C9336C-FX2,Leaf Switch,NYC,R37,Active,2023-11-25
leaf-NYC-DC1-004,LEAF00104SN,N9K-C9336C-FX2,Leaf Switch,NYC,R35,Active,2024-04-14
leaf-NYC-DC1-005,LEAF00105SN,N9K-C93180YC-FX,Leaf Switch,NYC,R34,Active,2024-05-22
leaf-NYC-DC1-006,LEAF00106SN,N9K-C9336C-FX2,Leaf Switch,NYC,R18,Active,2024-07-14
leaf-NYC-DC1-007,LEAF00107SN,N9K-C9336C-FX2,Leaf Switch,NYC,R21,Active,2024-08-17
leaf-NYC-DC1-008,LEAF00108SN,N9K-C93180YC-EX,Leaf Switch,NYC,R21,Active,2024-05-14
leaf-NYC-DC1-009,LEAF00109SN,N9K-C9348GC-FXP,Leaf Switch,NYC,R13,Active,2023-05-01
leaf-NYC-DC1-010,LEAF00110SN,N9K-C93180YC-FX,Leaf Switch,NYC,R16,Active,2025-07-25
leaf-NYC-DC1-011,LEAF00111SN,N9K-C93180YC-FX,Leaf Switch,NYC,R08,Active,2025-09-28
leaf-NYC-DC1-012,LEAF00112SN,N9K-C9348GC-FXP,Leaf Switch,NYC,R22,Active,2024-07-07
leaf-NYC-DC1-013,LEAF00113SN,N9K-C9348GC-FXP,Leaf Switch,NYC,R01,Active,2023-11-04
leaf-NYC-DC1-014,LEAF00114SN,N9K-C93180YC-FX,Leaf Switch,NYC,R14,Active,2024-01-07
leaf-NYC-DC1-015,LEAF00115SN,N9K-C93180YC-EX,Leaf Switch,NYC,R10,Active,2025-10-11
leaf-NYC-DC1-016,LEAF00116SN,N9K-C9348GC-FXP,Leaf Switch,NYC,R13,Active,2024-08-13
leaf-NYC-DC1-017,LEAF00117SN,N9K-C9348GC-FXP,Leaf Switch,NYC,R17,Active,2024-08-20
leaf-NYC-DC1-018,LEAF00118SN,N9K-C9336C-FX2,Leaf Switch,NYC,R04,Active,2025-03-12
leaf-NYC-DC1-019,LEAF00119SN,N9K-C9336C-FX2,Leaf Switch,NYC,R36,Active,2023-02-07
leaf-NYC-DC1-020,LEAF00120SN,N9K-C9336C-FX2,Leaf Switch,NYC,R18,Active,2025-07-10
leaf-NYC-DC1-021,LEAF00121SN,N9K-C93180YC-FX,Leaf Switch,NYC,R08,Active,2024-05-31
leaf-NYC-DC1-022,LEAF00122SN,N9K-C9348GC-FXP,Leaf Switch,NYC,R02,Active,2024-09-12
leaf-NYC-DC1-023,LEAF00123SN,N9K-C9336C-FX2,Leaf Switch,NYC,R08,Active,2024-09-05
leaf-NYC-DC1-024,LEAF00124SN,N9K-C93180YC-FX,Leaf Switch,NYC,R24,Active,2023-06-19
leaf-NYC-DC1-025,LEAF00125SN,N9K-C93180YC-EX,Leaf Switch,NYC,R28,Active,2025-03-16
leaf-NYC-DC1-026,LEAF00126SN,N9K-C9348GC-FXP,Leaf Switch,NYC,R36,Active,2025-04-05
leaf-NYC-DC1-027,LEAF00127SN,N9K-C93180YC-EX,Leaf Switch,NYC,R18,Active,2024-06-14
leaf-NYC-DC1-028,LEAF00128SN,N9K-C9336C-FX2,Leaf Switch,NYC,R19,Active,2023-01-07
leaf-NYC-DC1-029,LEAF00129SN,N9K-C9348GC-FXP,Leaf Switch,NYC,R28,Active,2024-10-07
leaf-NYC-DC1-030,LEAF00130SN,N9K-C9348GC-FXP,Leaf Switch,NYC,R09,Active,2024-04-11
leaf-NYC-DC2-001,LEAF00131SN,N9K-C93180YC-FX,Leaf Switch,NYC,R19,Active,2023-11-15
leaf-NYC-DC2-002,LEAF00132SN,N9K-C9348GC-FXP,Leaf Switch,NYC,R14,Active,2025-09-15
leaf-NYC-DC2-003,LEAF00133SN,N9K-C93180YC-FX,Leaf Switch,NYC,R13,Active,2023-05-12
leaf-NYC-DC2-004,LEAF00134SN,N9K-C93180YC-FX,Leaf Switch,NYC,R18,Active,2024-02-13
leaf-NYC-DC2-005,LEAF00135SN,N9K-C93180YC-EX,Leaf Switch,NYC,R08,Active,2023-11-18
leaf-NYC-DC2-006,LEAF00136SN,N9K-C9336C-FX2,Leaf Switch,NYC,R35,Active,2025-01-18
leaf-NYC-DC2-007,LEAF00137SN,N9K-C93180YC-EX,Leaf Switch,NYC,R37,Active,2023-07-23
leaf-NYC-DC2-008,LEAF00138SN,N9K-C93180YC-EX,Leaf Switch,NYC,R09,Active,2024-05-11
leaf-NYC-DC2-009,LEAF00139SN,N9K-C93180YC-FX,Leaf Switch,NYC,R29,Active,2023-12-25
leaf-NYC-DC2-010,LEAF00140SN,N9K-C9336C-FX2,Leaf Switch,NYC,R11,Active,2025-07-03
leaf-NYC-DC2-011,LEAF00141SN,N9K-C93180YC-FX,Leaf Switch,NYC,R06,Active,2023-08-10
leaf-NYC-DC2-012,LEAF00142SN,N9K-C93180YC-EX,Leaf Switch,NYC,R24,Active,2024-08-09
leaf-NYC-DC2-013,LEAF00143SN,N9K-C9348GC-FXP,Leaf Switch,NYC,R28,Active,2024-03-24
leaf-NYC-DC2-014,LEAF00144SN,N9K-C9348GC-FXP,Leaf Switch,NYC,R27,Active,2024-06-19
leaf-NYC-DC2-015,LEAF00145SN,N9K-C93180YC-FX,Leaf Switch,NYC,R38,Active,2023-04-23
leaf-NYC-DC2-016,LEAF00146SN,N9K-C93180YC-FX,Leaf Switch,NYC,R06,Active,2023-12-08
leaf-NYC-DC2-017,LEAF00147SN,N9K-C9336C-FX2,Leaf Switch,NYC,R25,Active,2024-05-06
leaf-NYC-DC2-018,LEAF00148SN,N9K-C9348GC-FXP,Leaf Switch,NYC,R26,Active,2024-09-04
leaf-NYC-DC2-019,LEAF00149SN,N9K-C9348GC-FXP,Leaf Switch,NYC,R29,Active,2023-01-17
leaf-NYC-DC2-020,LEAF00150SN,N9K-C93180YC-EX,Leaf Switch,NYC,R35,Active,2024-03-11
leaf-NYC-DC2-021,LEAF00151SN,N9K-C93180YC-FX,Leaf Switch,NYC,R06,Active,2023-07-16
leaf-NYC-DC2-022,LEAF00152SN,N9K-C9348GC-FXP,Leaf Switch,NYC,R26,Active,2022-12-29
leaf-NYC-DC2-023,LEAF00153SN,N9K-C93180YC-FX,Leaf Switch,NYC,R14,Active,2025-04-27
leaf-NYC-DC2-024,LEAF00154SN,N9K-C93180YC-EX,Leaf Switch,NYC,R07,Active,2025-01-29
leaf-NYC-DC2-025,LEAF00155SN,N9K-C93180YC-FX,Leaf Switch,NYC,R02,Active,2023-06-24
leaf-NYC-DC2-026,LEAF00156SN,N9K-C93180YC-FX,Leaf Switch,NYC,R19,Active,2023-10-21
leaf-NYC-DC2-027,LEAF00157SN,N9K-C9336C-FX2,Leaf Switch,NYC,R17,Active,2024-04-08
leaf-NYC-DC2-028,LEAF00158SN,N9K-C9336C-FX2,Leaf Switch,NYC,R05,Active,2024-11-17
leaf-NYC-DC2-029,LEAF00159SN,N9K-C93180YC-FX,Leaf Switch,NYC,R24,Active,2025-06-02
leaf-NYC-DC2-030,LEAF00160SN,N9K-C9348GC-FXP,Leaf Switch,NYC,R35,Active,2022-12-31
leaf-SFO-DC1-001,LEAF00161SN,N9K-C9348GC-FXP,Leaf Switch,SFO,R35,Active,2024-04-12
leaf-SFO-DC1-002,LEAF00162SN,N9K-C9336C-FX2,Leaf Switch,SFO,R40,Active,2025-05-15
leaf-SFO-DC1-003,LEAF00163SN,N9K-C9348GC-FXP,Leaf Switch,SFO,R01,Active,2023-02-20
leaf-SFO-DC1-004,LEAF00164SN,N9K-C93180YC-EX,Leaf Switch,SFO,R40,Active,2025-03-04
leaf-SFO-DC1-005,LEAF00165SN,N9K-C9336C-FX2,Leaf Switch,SFO,R15,Active,2022-11-21
leaf-SFO-DC1-006,LEAF00166SN,N9K-C93180YC-EX,Leaf Switch,SFO,R40,Active,2023-11-10
leaf-SFO-DC1-007,LEAF00167SN,N9K-C9336C-FX2,Leaf Switch,SFO,R20,Active,2023-07-01
leaf-SFO-DC1-008,LEAF00168SN,N9K-C93180YC-FX,Leaf Switch,SFO,R32,Active,2024-03-21
leaf-SFO-DC1-009,LEAF00169SN,N9K-C9336C-FX2,Leaf Switch,SFO,R25,Active,2025-08-10
leaf-SFO-DC1-010,LEAF00170SN,N9K-C93180YC-EX,Leaf Switch,SFO,R18,Active,2024-12-25
leaf-SFO-DC1-011,LEAF00171SN,N9K-C9348GC-FXP,Leaf Switch,SFO,R03,Active,2023-06-30
leaf-SFO-DC1-012,LEAF00172SN,N9K-C9336C-FX2,Leaf Switch,SFO,R35,Active,2025-05-03
leaf-SFO-DC1-013,LEAF00173SN,N9K-C93180YC-EX,Leaf Switch,SFO,R27,Active,2023-09-15
leaf-SFO-DC1-014,LEAF00174SN,N9K-C9336C-FX2,Leaf Switch,SFO,R16,Active,2024-07-15
leaf-SFO-DC1-015,LEAF00175SN,N9K-C9336C-FX2,Leaf Switch,SFO,R28,Active,2023-09-26
leaf-SFO-DC1-016,LEAF00176SN,N9K-C9336C-FX2,Leaf Switch,SFO,R33,Active,2023-09-16
leaf-SFO-DC1-017,LEAF00177SN,N9K-C93180YC-EX,Leaf Switch,SFO,R21,Active,2023-12-08
leaf-SFO-DC1-018,LEAF00178SN,N9K-C9348GC-FXP,Leaf Switch,SFO,R14,Active,2024-05-29
leaf-SFO-DC1-019,LEAF00179SN,N9K-C93180YC-EX,Leaf Switch,SFO,R10,Active,2023-11-10
leaf-SFO-DC1-020,LEAF00180SN,N9K-C93180YC-FX,Leaf Switch,SFO,R20,Active,2023-05-03
leaf-SFO-DC1-021,LEAF00181SN,N9K-C93180YC-EX,Leaf Switch,SFO,R30,Active,2025-07-17
leaf-SFO-DC1-022,LEAF00182SN,N9K-C93180YC-EX,Leaf Switch,SFO,R10,Active,2023-05-16
leaf-SFO-DC1-023,LEAF00183SN,N9K-C93180YC-FX,Leaf Switch,SFO,R30,Active,2024-11-06
leaf-SFO-DC1-024,LEAF00184SN,N9K-C93180YC-EX,Leaf Switch,SFO,R18,Active,2024-09-09
leaf-SFO-DC1-025,LEAF00185SN,N9K-C9348GC-FXP,Leaf Switch,SFO,R32,Active,2023-06-06
leaf-SFO-DC1-026,LEAF00186SN,N9K-C93180YC-FX,Leaf Switch,SFO,R02,Active,2025-06-19
leaf-SFO-DC1-027,LEAF00187SN,N9K-C9348GC-FXP,Leaf Switch,SFO,R34,Active,2025-03-02
leaf-SFO-DC1-028,LEAF00188SN,N9K-C93180YC-FX,Leaf Switch,SFO,R15,Active,2024-05-24
leaf-SFO-DC1-029,LEAF00189SN,N9K-C93180YC-EX,Leaf Switch,SFO,R09,Active,2024-07-23
leaf-SFO-DC1-030,LEAF00190SN,N9K-C9336C-FX2,Leaf Switch,SFO,R18,Active,2023-06-20
leaf-CHI-DC1-001,LEAF00191SN,N9K-C93180YC-FX,Leaf Switch,CHI,R35,Active,2024-05-23
leaf-CHI-DC1-002,LEAF00192SN,N9K-C9348GC-FXP,Leaf Switch,CHI,R19,Active,2023-10-16
leaf-CHI-DC1-003,LEAF00193SN,N9K-C93180YC-FX,Leaf Switch,CHI,R28,Active,2024-04-01
leaf-CHI-DC1-004,LEAF00194SN,N9K-C9336C-FX2,Leaf Switch,CHI,R33,Active,2023-03-06
leaf-CHI-DC1-005,LEAF00195SN,N9K-C93180YC-EX,Leaf Switch,CHI,R18,Active,2024-11-22
leaf-CHI-DC1-006,LEAF00196SN,N9K-C93180YC-FX,Leaf Switch,CHI,R27,Active,2023-01-02
leaf-CHI-DC1-007,LEAF00197SN,N9K-C9348GC-FXP,Leaf Switch,CHI,R11,Active,2024-02-28
leaf-CHI-DC1-008,LEAF00198SN,N9K-C93180YC-EX,Leaf Switch,CHI,R17,Active,2024-06-19
leaf-CHI-DC1-009,LEAF00199SN,N9K-C9348GC-FXP,Leaf Switch,CHI,R06,Active,2025-05-28
leaf-CHI-DC1-010,LEAF00200SN,N9K-C93180YC-EX,Leaf Switch,CHI,R23,Active,2025-05-24
leaf-CHI-DC1-011,LEAF00201SN,N9K-C9348GC-FXP,Leaf Switch,CHI,R35,Active,2023-10-03
leaf-CHI-DC1-012,LEAF00202SN,N9K-C9348GC-FXP,Leaf Switch,CHI,R25,Active,2024-07-05
leaf-CHI-DC1-013,LEAF00203SN,N9K-C9336C-FX2,Leaf Switch,CHI,R18,Active,2024-10-21
leaf-CHI-DC1-014,LEAF00204SN,N9K-C93180YC-FX,Leaf Switch,CHI,R37,Active,2022-12-11
leaf-CHI-DC1-015,LEAF00205SN,N9K-C93180YC-FX,Leaf Switch,CHI,R19,Active,2025-01-10
leaf-CHI-DC1-016,LEAF00206SN,N9K-C93180YC-EX,Leaf Switch,CHI,R31,Active,2024-08-26
leaf-CHI-DC1-017,LEAF00207SN,N9K-C9336C-FX2,Leaf Switch,CHI,R14,Active,2024-10-23
leaf-CHI-DC1-018,LEAF00208SN,N9K-C93180YC-FX,Leaf Switch,CHI,R15,Active,2025-03-12
leaf-CHI-DC1-019,LEAF00209SN,N9K-C93180YC-FX,Leaf Switch,CHI,R28,Active,2024-03-29
leaf-CHI-DC1-020,LEAF00210SN,N9K-C9348GC-FXP,Leaf Switch,CHI,R21,Active,2025-07-14
leaf-CHI-DC1-021,LEAF00211SN,N9K-C93180YC-EX,Leaf Switch,CHI,R18,Active,2024-03-11
leaf-CHI-DC1-022,LEAF00212SN,N9K-C93180YC-FX,Leaf Switch,CHI,R23,Active,2022-12-04
leaf-CHI-DC1-023,LEAF00213SN,N9K-C93180YC-EX,Leaf Switch,CHI,R02,Active,2025-09-12
leaf-CHI-DC1-024,LEAF00214SN,N9K-C93180YC-FX,Leaf Switch,CHI,R25,Active,2025-03-18
leaf-CHI-DC1-025,LEAF00215SN,N9K-C9336C-FX2,Leaf Switch,CHI,R27,Active,2024-01-05
leaf-CHI-DC1-026,LEAF00216SN,N9K-C9348GC-FXP,Leaf Switch,CHI,R30,Active,2023-09-29
leaf-CHI-DC1-027,LEAF00217SN,N9K-C93180YC-EX,Leaf Switch,CHI,R06,Active,2023-07-23
leaf-CHI-DC1-028,LEAF00218SN,N9K-C93180YC-EX,Leaf Switch,CHI,R08,Active,2024-07-11
leaf-CHI-DC1-029,LEAF00219SN,N9K-C93180YC-FX,Leaf Switch,CHI,R29,Active,2023-04-03
leaf-CHI-DC1-030,LEAF00220SN,N9K-C9348GC-FXP,Leaf Switch,CHI,R18,Active,2025-08-28
FEX-NYC-DC1-101,FEX000101ABC,N2K-C2248TP-E-1GE,FEX,NYC-DC1,R06,Active,2023-01-04
FEX-NYC-DC1-102,FEX000102ABC,N2K-C2232PP,FEX,NYC-DC1,R22,Active,2024-05-22
FEX-NYC-DC1-103,FEX000103ABC,N2K-C2348TQ,FEX,NYC-DC1,R24,Active,2025-02-11
FEX-NYC-DC1-104,FEX000104ABC,N2K-C2348TQ,FEX,NYC-DC1,R05,Active,2023-01-16
FEX-NYC-DC1-105,FEX000105ABC,N2K-C2348UPQ,FEX,NYC-DC1,R36,Active,2023-09-15
FEX-NYC-DC1-106,FEX000106ABC,N2K-C2348UPQ,FEX,NYC-DC1,R15,Active,2023-12-21
FEX-NYC-DC1-107,FEX000107ABC,N2K-C2348UPQ,FEX,NYC-DC1,R38,Active,2025-09-13
FEX-NYC-DC1-108,FEX000108ABC,N2K-C2348TQ,FEX,NYC-DC1,R13,Active,2022-12-31
FEX-NYC-DC1-109,FEX000109ABC,N2K-C2248TP-E-1GE,FEX,NYC-DC1,R25,Active,2025-02-02
FEX-NYC-DC1-110,FEX000110ABC,N2K-C2248TP-E-1GE,FEX,NYC-DC1,R07,Active,2025-03-13
FEX-NYC-DC1-111,FEX000111ABC,N2K-C2348UPQ,FEX,NYC-DC1,R37,Active,2025-04-07
FEX-NYC-DC1-112,FEX000112ABC,N2K-C2248TP-E-1GE,FEX,NYC-DC1,R08,Active,2024-02-10
FEX-NYC-DC1-113,FEX000113ABC,N2K-C2248TP-E-1GE,FEX,NYC-DC1,R30,Active,2024-05-10
FEX-NYC-DC1-114,FEX000114ABC,N2K-C2248TP-E-1GE,FEX,NYC-DC1,R26,Active,2023-12-31
FEX-NYC-DC1-115,FEX000115ABC,N2K-C2248TP-E-1GE,FEX,NYC-DC1,R20,Active,2024-02-09
FEX-NYC-DC1-116,FEX000116ABC,N2K-C2232PP,FEX,NYC-DC1,R28,Active,2024-06-12
FEX-NYC-DC1-117,FEX000117ABC,N2K-C2232PP,FEX,NYC-DC1,R14,Active,2024-01-06
FEX-NYC-DC1-118,FEX000118ABC,N2K-C2248TP-E-1GE,FEX,NYC-DC1,R02,Active,2023-04-16
FEX-NYC-DC1-119,FEX000119ABC,N2K-C2232PP,FEX,NYC-DC1,R30,Active,2024-04-06
FEX-NYC-DC1-120,FEX000120ABC,N2K-C2348UPQ,FEX,NYC-DC1,R27,Active,2022-11-22
FEX-NYC-DC1-121,FEX000121ABC,N2K-C2232PP,FEX,NYC-DC1,R35,Active,2023-05-28
FEX-NYC-DC1-122,FEX000122ABC,N2K-C2348UPQ,FEX,NYC-DC1,R14,Active,2023-09-05
FEX-NYC-DC1-123,FEX000123ABC,N2K-C2248TP-E-1GE,FEX,NYC-DC1,R03,Active,2024-08-24
FEX-NYC-DC1-124,FEX000124ABC,N2K-C2248TP-E-1GE,FEX,NYC-DC1,R34,Active,2025-03-03
FEX-NYC-DC1-125,FEX000125ABC,N2K-C2248TP-E-1GE,FEX,NYC-DC1,R08,Active,2024-04-15
FEX-NYC-DC1-126,FEX000126ABC,N2K-C2248TP-E-1GE,FEX,NYC-DC1,R09,Active,2025-09-27
FEX-NYC-DC1-127,FEX000127ABC,N2K-C2248TP-E-1GE,FEX,NYC-DC1,R21,Active,2024-03-16
FEX-NYC-DC1-128,FEX000128ABC,N2K-C2348UPQ,FEX,NYC-DC1,R25,Active,2024-07-28
FEX-NYC-DC1-129,FEX000129ABC,N2K-C2248TP-E-1GE,FEX,NYC-DC1,R39,Active,2023-09-19
FEX-NYC-DC1-130,FEX000130ABC,N2K-C2348UPQ,FEX,NYC-DC1,R04,Active,2025-07-26
FEX-NYC-DC1-131,FEX000131ABC,N2K-C2232PP,FEX,NYC-DC1,R35,Active,2024-03-23
FEX-NYC-DC1-132,FEX000132ABC,N2K-C2348UPQ,FEX,NYC-DC1,R22,Active,2023-11-08
FEX-NYC-DC1-133,FEX000133ABC,N2K-C2232PP,FEX,NYC-DC1,R15,Active,2022-11-14
FEX-NYC-DC1-134,FEX000134ABC,N2K-C2348TQ,FEX,NYC-DC1,R17,Active,2023-02-14
FEX-NYC-DC1-135,FEX000135ABC,N2K-C2248TP-E-1GE,FEX,NYC-DC1,R13,Active,2023-11-27
FEX-NYC-DC1-136,FEX000136ABC,N2K-C2248TP-E-1GE,FEX,NYC-DC1,R32,Active,2024-09-03
FEX-NYC-DC1-137,FEX000137ABC,N2K-C2348UPQ,FEX,NYC-DC1,R18,Active,2024-08-16
FEX-NYC-DC1-138,FEX000138ABC,N2K-C2348TQ,FEX,NYC-DC1,R06,Active,2023-01-27
FEX-NYC-DC1-139,FEX000139ABC,N2K-C2232PP,FEX,NYC-DC1,R29,Active,2023-10-25
FEX-NYC-DC1-140,FEX000140ABC,N2K-C2348TQ,FEX,NYC-DC1,R24,Active,2023-05-02
FEX-NYC-DC1-141,FEX000141ABC,N2K-C2348TQ,FEX,NYC-DC1,R07,Active,2023-11-25
FEX-NYC-DC1-142,FEX000142ABC,N2K-C2348UPQ,FEX,NYC-DC1,R26,Active,2024-02-15
FEX-NYC-DC1-143,FEX000143ABC,N2K-C2248TP-E-1GE,FEX,NYC-DC1,R33,Active,2023-02-27
FEX-NYC-DC1-144,FEX000144ABC,N2K-C2248TP-E-1GE,FEX,NYC-DC1,R21,Active,2025-06-26
FEX-NYC-DC1-145,FEX000145ABC,N2K-C2348TQ,FEX,NYC-DC1,R37,Active,2023-04-10
FEX-NYC-DC1-146,FEX000146ABC,N2K-C2348TQ,FEX,NYC-DC1,R30,Active,2022-11-28
FEX-NYC-DC1-147,FEX000147ABC,N2K-C2232PP,FEX,NYC-DC1,R21,Active,2025-01-23
FEX-NYC-DC1-148,FEX000148ABC,N2K-C2348TQ,FEX,NYC-DC1,R20,Active,2025-08-05
FEX-NYC-DC1-149,FEX000149ABC,N2K-C2348TQ,FEX,NYC-DC1,R05,Active,2024-09-06
FEX-NYC-DC1-150,FEX000150ABC,N2K-C2232PP,FEX,NYC-DC1,R31,Active,2023-09-03
FEX-NYC-DC1-151,FEX000151ABC,N2K-C2232PP,FEX,NYC-DC1,R11,Active,2024-01-23
FEX-NYC-DC1-152,FEX000152ABC,N2K-C2232PP,FEX,NYC-DC1,R20,Active,2025-08-04
FEX-NYC-DC1-153,FEX000153ABC,N2K-C2348TQ,FEX,NYC-DC1,R21,Active,2023-11-25
FEX-NYC-DC1-154,FEX000154ABC,N2K-C2248TP-E-1GE,FEX,NYC-DC1,R12,Active,2025-04-11
FEX-NYC-DC1-155,FEX000155ABC,N2K-C2348TQ,FEX,NYC-DC1,R35,Active,2023-11-16
FEX-NYC-DC1-156,FEX000156ABC,N2K-C2348TQ,FEX,NYC-DC1,R29,Active,2024-12-01
FEX-NYC-DC1-157,FEX000157ABC,N2K-C2348TQ,FEX,NYC-DC1,R10,Active,2025-06-16
FEX-NYC-DC1-158,FEX000158ABC,N2K-C2232PP,FEX,NYC-DC1,R23,Active,2023-02-22
FEX-NYC-DC1-159,FEX000159ABC,N2K-C2348UPQ,FEX,NYC-DC1,R09,Active,2024-08-21
FEX-NYC-DC1-160,FEX000160ABC,N2K-C2232PP,FEX,NYC-DC1,R32,Active,2024-08-13
FEX-NYC-DC1-161,FEX000161ABC,N2K-C2348UPQ,FEX,NYC-DC1,R11,Active,2024-04-25
FEX-NYC-DC1-162,FEX000162ABC,N2K-C2232PP,FEX,NYC-DC1,R37,Active,2023-09-20
FEX-NYC-DC1-163,FEX000163ABC,N2K-C2232PP,FEX,NYC-DC1,R07,Active,2023-08-23
FEX-NYC-DC1-164,FEX000164ABC,N2K-C2232PP,FEX,NYC-DC1,R37,Active,2025-09-10
FEX-NYC-DC1-165,FEX000165ABC,N2K-C2248TP-E-1GE,FEX,NYC-DC1,R06,Active,2024-08-01
FEX-NYC-DC1-166,FEX000166ABC,N2K-C2348UPQ,FEX,NYC-DC1,R07,Active,2023-02-05
FEX-NYC-DC1-167,FEX000167ABC,N2K-C2348TQ,FEX,NYC-DC1,R23,Active,2025-08-27
FEX-NYC-DC1-168,FEX000168ABC,N2K-C2348TQ,FEX,NYC-DC1,R18,Active,2024-09-16
FEX-NYC-DC1-169,FEX000169ABC,N2K-C2348TQ,FEX,NYC-DC1,R22,Active,2024-10-31
FEX-NYC-DC1-170,FEX000170ABC,N2K-C2232PP,FEX,NYC-DC1,R32,Active,2023-06-19
FEX-NYC-DC1-171,FEX000171ABC,N2K-C2348UPQ,FEX,NYC-DC1,R27,Active,2023-01-08
FEX-NYC-DC1-172,FEX000172ABC,N2K-C2348TQ,FEX,NYC-DC1,R05,Active,2025-10-08
FEX-NYC-DC1-173,FEX000173ABC,N2K-C2348UPQ,FEX,NYC-DC1,R30,Active,2023-11-14
FEX-NYC-DC1-174,FEX000174ABC,N2K-C2248TP-E-1GE,FEX,NYC-DC1,R32,Active,2023-05-05
FEX-NYC-DC1-175,FEX000175ABC,N2K-C2348UPQ,FEX,NYC-DC1,R40,Active,2023-07-25
FEX-NYC-DC1-176,FEX000176ABC,N2K-C2348UPQ,FEX,NYC-DC1,R40,Active,2022-11-20
FEX-NYC-DC1-177,FEX000177ABC,N2K-C2348TQ,FEX,NYC-DC1,R16,Active,2025-01-23
FEX-NYC-DC1-178,FEX000178ABC,N2K-C2348TQ,FEX,NYC-DC1,R33,Active,2025-08-13
FEX-NYC-DC1-179,FEX000179ABC,N2K-C2232PP,FEX,NYC-DC1,R35,Active,2023-05-15
FEX-NYC-DC1-180,FEX000180ABC,N2K-C2348UPQ,FEX,NYC-DC1,R25,Active,2025-08-04
FEX-NYC-DC1-181,FEX000181ABC,N2K-C2348TQ,FEX,NYC-DC1,R04,Active,2025-08-12
FEX-NYC-DC1-182,FEX000182ABC,N2K-C2232PP,FEX,NYC-DC1,R18,Active,2023-01-20
FEX-NYC-DC1-183,FEX000183ABC,N2K-C2348TQ,FEX,NYC-DC1,R31,Active,2023-07-27
FEX-NYC-DC1-184,FEX000184ABC,N2K-C2248TP-E-1GE,FEX,NYC-DC1,R10,Active,2022-12-01
FEX-NYC-DC1-185,FEX000185ABC,N2K-C2232PP,FEX,NYC-DC1,R10,Active,2024-11-29
FEX-NYC-DC1-186,FEX000186ABC,N2K-C2348UPQ,FEX,NYC-DC1,R38,Active,2023-06-07
FEX-NYC-DC1-187,FEX000187ABC,N2K-C2232PP,FEX,NYC-DC1,R22,Active,2023-01-09
FEX-NYC-DC1-188,FEX000188ABC,N2K-C2348TQ,FEX,NYC-DC1,R11,Active,2025-05-18
FEX-NYC-DC1-189,FEX000189ABC,N2K-C2232PP,FEX,NYC-DC1,R34,Active,2023-05-31
FEX-NYC-DC1-190,FEX000190ABC,N2K-C2348TQ,FEX,NYC-DC1,R21,Active,2024-02-24
FEX-NYC-DC1-191,FEX000191ABC,N2K-C2348TQ,FEX,NYC-DC1,R19,Active,2022-12-08
FEX-NYC-DC1-192,FEX000192ABC,N2K-C2232PP,FEX,NYC-DC1,R09,Active,2023-02-21
FEX-NYC-DC1-193,FEX000193ABC,N2K-C2348TQ,FEX,NYC-DC1,R20,Active,2025-09-28
FEX-NYC-DC1-194,FEX000194ABC,N2K-C2348UPQ,FEX,NYC-DC1,R25,Active,2025-06-06
FEX-NYC-DC1-195,FEX000195ABC,N2K-C2232PP,FEX,NYC-DC1,R03,Active,2023-04-13
FEX-NYC-DC1-196,FEX000196ABC,N2K-C2348UPQ,FEX,NYC-DC1,R37,Active,2024-10-20
FEX-NYC-DC1-197,FEX000197ABC,N2K-C2348TQ,FEX,NYC-DC1,R39,Active,2024-02-22
FEX-NYC-DC1-198,FEX000198ABC,N2K-C2248TP-E-1GE,FEX,NYC-DC1,R34,Active,2024-02-17
FEX-NYC-DC1-199,FEX000199ABC,N2K-C2348TQ,FEX,NYC-DC1,R23,Active,2023-04-12
FEX-NYC-DC1-200,FEX000200ABC,N2K-C2348TQ,FEX,NYC-DC1,R10,Active,2023-10-29
FEX-NYC-DC1-201,FEX000201ABC,N2K-C2232PP,FEX,NYC-DC1,R14,Active,2024-10-20
FEX-NYC-DC1-202,FEX000202ABC,N2K-C2348TQ,FEX,NYC-DC1,R19,Active,2025-01-06
FEX-NYC-DC1-203,FEX000203ABC,N2K-C2248TP-E-1GE,FEX,NYC-DC1,R03,Active,2022-11-26
FEX-NYC-DC1-204,FEX000204ABC,N2K-C2232PP,FEX,NYC-DC1,R13,Active,2024-05-07
FEX-NYC-DC1-205,FEX000205ABC,N2K-C2232PP,FEX,NYC-DC1,R35,Active,2024-09-04
FEX-NYC-DC1-206,FEX000206ABC,N2K-C2232PP,FEX,NYC-DC1,R08,Active,2023-06-05
FEX-NYC-DC1-207,FEX000207ABC,N2K-C2232PP,FEX,NYC-DC1,R05,Active,2024-10-19
FEX-NYC-DC1-208,FEX000208ABC,N2K-C2248TP-E-1GE,FEX,NYC-DC1,R35,Active,2023-10-03
FEX-NYC-DC1-209,FEX000209ABC,N2K-C2248TP-E-1GE,FEX,NYC-DC1,R04,Active,2024-08-09
FEX-NYC-DC1-210,FEX000210ABC,N2K-C2232PP,FEX,NYC-DC1,R18,Active,2023-03-22
FEX-NYC-DC1-211,FEX000211ABC,N2K-C2248TP-E-1GE,FEX,NYC-DC1,R12,Active,2024-10-21
FEX-NYC-DC1-212,FEX000212ABC,N2K-C2248TP-E-1GE,FEX,NYC-DC1,R02,Active,2025-08-22
FEX-NYC-DC1-213,FEX000213ABC,N2K-C2348TQ,FEX,NYC-DC1,R24,Active,2024-12-26
FEX-NYC-DC1-214,FEX000214ABC,N2K-C2348TQ,FEX,NYC-DC1,R32,Active,2023-02-05
FEX-NYC-DC1-215,FEX000215ABC,N2K-C2348UPQ,FEX,NYC-DC1,R36,Active,2025-06-08
FEX-NYC-DC1-216,FEX000216ABC,N2K-C2248TP-E-1GE,FEX,NYC-DC1,R25,Active,2024-04-26
FEX-NYC-DC1-217,FEX000217ABC,N2K-C2348UPQ,FEX,NYC-DC1,R32,Active,2023-02-03
FEX-NYC-DC1-218,FEX000218ABC,N2K-C2248TP-E-1GE,FEX,NYC-DC1,R15,Active,2023-10-29
FEX-NYC-DC1-219,FEX000219ABC,N2K-C2348UPQ,FEX,NYC-DC1,R20,Active,2023-08-03
FEX-NYC-DC1-220,FEX000220ABC,N2K-C2348TQ,FEX,NYC-DC1,R18,Active,2025-08-24
FEX-NYC-DC1-221,FEX000221ABC,N2K-C2248TP-E-1GE,FEX,NYC-DC1,R17,Active,2023-11-17
FEX-NYC-DC1-222,FEX000222ABC,N2K-C2232PP,FEX,NYC-DC1,R07,Active,2022-11-13
FEX-NYC-DC1-223,FEX000223ABC,N2K-C2232PP,FEX,NYC-DC1,R01,Active,2023-01-27
FEX-NYC-DC1-224,FEX000224ABC,N2K-C2232PP,FEX,NYC-DC1,R31,Active,2023-08-27
FEX-NYC-DC1-225,FEX000225ABC,N2K-C2348UPQ,FEX,NYC-DC1,R30,Active,2023-12-13
FEX-NYC-DC1-226,FEX000226ABC,N2K-C2348UPQ,FEX,NYC-DC1,R02,Active,2024-03-14
FEX-NYC-DC1-227,FEX000227ABC,N2K-C2248TP-E-1GE,FEX,NYC-DC1,R22,Active,2024-11-07
FEX-NYC-DC1-228,FEX000228ABC,N2K-C2232PP,FEX,NYC-DC1,R35,Active,2024-09-30
FEX-NYC-DC1-229,FEX000229ABC,N2K-C2348UPQ,FEX,NYC-DC1,R23,Active,2024-05-14
FEX-NYC-DC1-230,FEX000230ABC,N2K-C2248TP-E-1GE,FEX,NYC-DC1,R33,Active,2025-09-06
FEX-NYC-DC1-231,FEX000231ABC,N2K-C2348UPQ,FEX,NYC-DC1,R40,Active,2025-07-04
FEX-NYC-DC1-232,FEX000232ABC,N2K-C2348TQ,FEX,NYC-DC1,R28,Active,2024-10-23
FEX-NYC-DC1-233,FEX000233ABC,N2K-C2348TQ,FEX,NYC-DC1,R04,Active,2023-12-30
FEX-NYC-DC1-234,FEX000234ABC,N2K-C2348TQ,FEX,NYC-DC1,R30,Active,2023-06-09
FEX-NYC-DC1-235,FEX000235ABC,N2K-C2248TP-E-1GE,FEX,NYC-DC1,R21,Active,2024-07-25
FEX-NYC-DC1-236,FEX000236ABC,N2K-C2232PP,FEX,NYC-DC1,R21,Active,2025-03-25
FEX-NYC-DC1-237,FEX000237ABC,N2K-C2232PP,FEX,NYC-DC1,R31,Active,2024-06-14
FEX-NYC-DC1-238,FEX000238ABC,N2K-C2248TP-E-1GE,FEX,NYC-DC1,R30,Active,2025-05-23
FEX-NYC-DC1-239,FEX000239ABC,N2K-C2348TQ,FEX,NYC-DC1,R24,Active,2025-06-06
FEX-NYC-DC1-240,FEX000240ABC,N2K-C2348UPQ,FEX,NYC-DC1,R29,Active,2023-07-23
FEX-NYC-DC1-241,FEX000241ABC,N2K-C2348TQ,FEX,NYC-DC1,R13,Active,2023-05-19
FEX-NYC-DC1-242,FEX000242ABC,N2K-C2348TQ,FEX,NYC-DC1,R12,Active,2025-07-07
FEX-NYC-DC1-243,FEX000243ABC,N2K-C2348TQ,FEX,NYC-DC1,R10,Active,2023-11-16
FEX-NYC-DC1-244,FEX000244ABC,N2K-C2248TP-E-1GE,FEX,NYC-DC1,R34,Active,2024-11-06
FEX-NYC-DC1-245,FEX000245ABC,N2K-C2348UPQ,FEX,NYC-DC1,R27,Active,2024-02-28
FEX-NYC-DC1-246,FEX000246ABC,N2K-C2348UPQ,FEX,NYC-DC1,R01,Active,2025-03-21
FEX-NYC-DC1-247,FEX000247ABC,N2K-C2232PP,FEX,NYC-DC1,R27,Active,2023-04-18
FEX-NYC-DC1-248,FEX000248ABC,N2K-C2248TP-E-1GE,FEX,NYC-DC1,R20,Active,2025-06-30
FEX-NYC-DC1-249,FEX000249ABC,N2K-C2348TQ,FEX,NYC-DC1,R02,Active,2025-09-13
FEX-NYC-DC1-250,FEX000250ABC,N2K-C2232PP,FEX,NYC-DC1,R05,Active,2023-07-03
FEX-NYC-DC1-251,FEX000251ABC,N2K-C2232PP,FEX,NYC-DC1,R13,Active,2025-04-24
FEX-NYC-DC1-252,FEX000252ABC,N2K-C2232PP,FEX,NYC-DC1,R37,Active,2024-08-11
FEX-NYC-DC1-253,FEX000253ABC,N2K-C2348UPQ,FEX,NYC-DC1,R21,Active,2025-05-17
FEX-NYC-DC1-254,FEX000254ABC,N2K-C2348UPQ,FEX,NYC-DC1,R20,Active,2023-10-23
FEX-NYC-DC1-255,FEX000255ABC,N2K-C2248TP-E-1GE,FEX,NYC-DC1,R39,Active,2025-09-13
FEX-NYC-DC1-256,FEX000256ABC,N2K-C2232PP,FEX,NYC-DC1,R17,Active,2025-06-07
FEX-NYC-DC1-257,FEX000257ABC,N2K-C2232PP,FEX,NYC-DC1,R11,Active,2025-09-24
FEX-NYC-DC1-258,FEX000258ABC,N2K-C2248TP-E-1GE,FEX,NYC-DC1,R04,Active,2025-01-05
FEX-NYC-DC1-259,FEX000259ABC,N2K-C2348TQ,FEX,NYC-DC1,R38,Active,2023-01-04
FEX-NYC-DC2-260,FEX000260ABC,N2K-C2248TP-E-1GE,FEX,NYC-DC2,R35,Active,2025-01-14
FEX-NYC-DC2-261,FEX000261ABC,N2K-C2348UPQ,FEX,NYC-DC2,R39,Active,2024-08-16
FEX-NYC-DC2-262,FEX000262ABC,N2K-C2348TQ,FEX,NYC-DC2,R08,Active,2023-06-20
FEX-NYC-DC2-263,FEX000263ABC,N2K-C2232PP,FEX,NYC-DC2,R34,Active,2025-01-29
FEX-NYC-DC2-264,FEX000264ABC,N2K-C2348TQ,FEX,NYC-DC2,R35,Active,2024-03-17
FEX-NYC-DC2-265,FEX000265ABC,N2K-C2232PP,FEX,NYC-DC2,R27,Active,2024-01-26
FEX-NYC-DC2-266,FEX000266ABC,N2K-C2232PP,FEX,NYC-DC2,R05,Active,2022-11-14
FEX-NYC-DC2-267,FEX000267ABC,N2K-C2348UPQ,FEX,NYC-DC2,R03,Active,2025-09-02
FEX-NYC-DC2-268,FEX000268ABC,N2K-C2232PP,FEX,NYC-DC2,R09,Active,2023-03-02
FEX-NYC-DC2-269,FEX000269ABC,N2K-C2248TP-E-1GE,FEX,NYC-DC2,R04,Active,2023-07-02
FEX-NYC-DC2-270,FEX000270ABC,N2K-C2348TQ,FEX,NYC-DC2,R38,Active,2023-05-06
FEX-NYC-DC2-271,FEX000271ABC,N2K-C2232PP,FEX,NYC-DC2,R39,Active,2023-11-09
FEX-NYC-DC2-272,FEX000272ABC,N2K-C2348UPQ,FEX,NYC-DC2,R12,Active,2025-03-18
FEX-NYC-DC2-273,FEX000273ABC,N2K-C2232PP,FEX,NYC-DC2,R15,Active,2024-04-14
FEX-NYC-DC2-274,FEX000274ABC,N2K-C2248TP-E-1GE,FEX,NYC-DC2,R08,Active,2025-04-28
FEX-NYC-DC2-275,FEX000275ABC,N2K-C2248TP-E-1GE,FEX,NYC-DC2,R27,Active,2022-11-11
FEX-NYC-DC2-276,FEX000276ABC,N2K-C2232PP,FEX,NYC-DC2,R02,Active,2023-08-12
FEX-NYC-DC2-277,FEX000277ABC,N2K-C2348UPQ,FEX,NYC-DC2,R08,Active,2024-03-31
FEX-NYC-DC2-278,FEX000278ABC,N2K-C2348TQ,FEX,NYC-DC2,R21,Active,2025-04-15
FEX-NYC-DC2-279,FEX000279ABC,N2K-C2232PP,FEX,NYC-DC2,R33,Active,2024-01-22
FEX-NYC-DC2-280,FEX000280ABC,N2K-C2232PP,FEX,NYC-DC2,R18,Active,2023-09-14
FEX-NYC-DC2-281,FEX000281ABC,N2K-C2348TQ,FEX,NYC-DC2,R40,Active,2024-01-27
FEX-NYC-DC2-282,FEX000282ABC,N2K-C2232PP,FEX,NYC-DC2,R40,Active,2023-04-29
FEX-NYC-DC2-283,FEX000283ABC,N2K-C2232PP,FEX,NYC-DC2,R06,Active,2025-03-24
FEX-NYC-DC2-284,FEX000284ABC,N2K-C2348TQ,FEX,NYC-DC2,R19,Active,2023-01-06
FEX-NYC-DC2-285,FEX000285ABC,N2K-C2232PP,FEX,NYC-DC2,R10,Active,2024-06-11
FEX-NYC-DC2-286,FEX000286ABC,N2K-C2348UPQ,FEX,NYC-DC2,R13,Active,2024-02-02
FEX-NYC-DC2-287,FEX000287ABC,N2K-C2248TP-E-1GE,FEX,NYC-DC2,R28,Active,2025-03-29
FEX-NYC-DC2-288,FEX000288ABC,N2K-C2232PP,FEX,NYC-DC2,R18,Active,2025-05-04
FEX-NYC-DC2-289,FEX000289ABC,N2K-C2348UPQ,FEX,NYC-DC2,R22,Active,2024-03-25
FEX-NYC-DC2-290,FEX000290ABC,N2K-C2348UPQ,FEX,NYC-DC2,R33,Active,2024-09-21
FEX-NYC-DC2-291,FEX000291ABC,N2K-C2348UPQ,FEX,NYC-DC2,R08,Active,2023-05-09
FEX-NYC-DC2-292,FEX000292ABC,N2K-C2348UPQ,FEX,NYC-DC2,R15,Active,2024-01-24
FEX-NYC-DC2-293,FEX000293ABC,N2K-C2232PP,FEX,NYC-DC2,R29,Active,2024-06-15
FEX-NYC-DC2-294,FEX000294ABC,N2K-C2348TQ,FEX,NYC-DC2,R28,Active,2024-04-13
FEX-NYC-DC2-295,FEX000295ABC,N2K-C2348TQ,FEX,NYC-DC2,R12,Active,2023-10-06
FEX-NYC-DC2-296,FEX000296ABC,N2K-C2232PP,FEX,NYC-DC2,R33,Active,2024-12-21
FEX-NYC-DC2-297,FEX000297ABC,N2K-C2348TQ,FEX,NYC-DC2,R11,Active,2024-08-22
FEX-NYC-DC2-298,FEX000298ABC,N2K-C2232PP,FEX,NYC-DC2,R14,Active,2025-08-15
FEX-NYC-DC2-299,FEX000299ABC,N2K-C2348TQ,FEX,NYC-DC2,R20,Active,2024-10-31
FEX-NYC-DC2-300,FEX000300ABC,N2K-C2348UPQ,FEX,NYC-DC2,R16,Active,2024-04-10
FEX-NYC-DC2-301,FEX000301ABC,N2K-C2348TQ,FEX,NYC-DC2,R38,Active,2023-05-13
FEX-NYC-DC2-302,FEX000302ABC,N2K-C2348UPQ,FEX,NYC-DC2,R14,Active,2023-05-14
FEX-NYC-DC2-303,FEX000303ABC,N2K-C2348TQ,FEX,NYC-DC2,R29,Active,2024-09-02
FEX-NYC-DC2-304,FEX000304ABC,N2K-C2348UPQ,FEX,NYC-DC2,R04,Active,2023-03-30
FEX-NYC-DC2-305,FEX000305ABC,N2K-C2348TQ,FEX,NYC-DC2,R21,Active,2025-09-12
FEX-NYC-DC2-306,FEX000306ABC,N2K-C2348UPQ,FEX,NYC-DC2,R16,Active,2022-12-04
FEX-NYC-DC2-307,FEX000307ABC,N2K-C2348UPQ,FEX,NYC-DC2,R36,Active,2023-04-17
FEX-NYC-DC2-308,FEX000308ABC,N2K-C2348TQ,FEX,NYC-DC2,R03,Active,2025-09-09
FEX-NYC-DC2-309,FEX000309ABC,N2K-C2348UPQ,FEX,NYC-DC2,R31,Active,2025-05-31
FEX-NYC-DC2-310,FEX000310ABC,N2K-C2248TP-E-1GE,FEX,NYC-DC2,R12,Active,2023-10-08
FEX-NYC-DC2-311,FEX000311ABC,N2K-C2348UPQ,FEX,NYC-DC2,R22,Active,2025-01-04
FEX-NYC-DC2-312,FEX000312ABC,N2K-C2348TQ,FEX,NYC-DC2,R15,Active,2025-04-30
FEX-NYC-DC2-313,FEX000313ABC,N2K-C2348TQ,FEX,NYC-DC2,R16,Active,2025-06-30
FEX-NYC-DC2-314,FEX000314ABC,N2K-C2232PP,FEX,NYC-DC2,R09,Active,2024-12-27
FEX-NYC-DC2-315,FEX000315ABC,N2K-C2348TQ,FEX,NYC-DC2,R31,Active,2023-10-20
FEX-NYC-DC2-316,FEX000316ABC,N2K-C2232PP,FEX,NYC-DC2,R34,Active,2024-07-07
FEX-NYC-DC2-317,FEX000317ABC,N2K-C2248TP-E-1GE,FEX,NYC-DC2,R02,Active,2023-09-09
FEX-NYC-DC2-318,FEX000318ABC,N2K-C2232PP,FEX,NYC-DC2,R01,Active,2023-01-20
FEX-NYC-DC2-319,FEX000319ABC,N2K-C2348UPQ,FEX,NYC-DC2,R06,Active,2023-07-18
FEX-NYC-DC2-320,FEX000320ABC,N2K-C2248TP-E-1GE,FEX,NYC-DC2,R37,Active,2024-12-04
FEX-NYC-DC2-321,FEX000321ABC,N2K-C2232PP,FEX,NYC-DC2,R10,Active,2023-03-27
FEX-NYC-DC2-322,FEX000322ABC,N2K-C2348TQ,FEX,NYC-DC2,R16,Active,2024-05-13
FEX-NYC-DC2-323,FEX000323ABC,N2K-C2232PP,FEX,NYC-DC2,R10,Active,2025-01-29
FEX-NYC-DC2-324,FEX000324ABC,N2K-C2232PP,FEX,NYC-DC2,R30,Active,2023-09-02
FEX-NYC-DC2-325,FEX000325ABC,N2K-C2348TQ,FEX,NYC-DC2,R17,Active,2024-09-25
FEX-NYC-DC2-326,FEX000326ABC,N2K-C2348TQ,FEX,NYC-DC2,R25,Active,2024-12-27
FEX-NYC-DC2-327,FEX000327ABC,N2K-C2348UPQ,FEX,NYC-DC2,R13,Active,2023-10-22
FEX-NYC-DC2-328,FEX000328ABC,N2K-C2232PP,FEX,NYC-DC2,R18,Active,2023-01-13
FEX-NYC-DC2-329,FEX000329ABC,N2K-C2248TP-E-1GE,FEX,NYC-DC2,R19,Active,2023-01-23
FEX-NYC-DC2-330,FEX000330ABC,N2K-C2348TQ,FEX,NYC-DC2,R40,Active,2022-11-16
FEX-NYC-DC2-331,FEX000331ABC,N2K-C2348TQ,FEX,NYC-DC2,R02,Active,2023-02-10
FEX-NYC-DC2-332,FEX000332ABC,N2K-C2232PP,FEX,NYC-DC2,R09,Active,2023-05-14
FEX-NYC-DC2-333,FEX000333ABC,N2K-C2232PP,FEX,NYC-DC2,R23,Active,2023-10-16
FEX-NYC-DC2-334,FEX000334ABC,N2K-C2348UPQ,FEX,NYC-DC2,R27,Active,2023-07-11
FEX-NYC-DC2-335,FEX000335ABC,N2K-C2348TQ,FEX,NYC-DC2,R32,Active,2023-03-14
FEX-NYC-DC2-336,FEX000336ABC,N2K-C2248TP-E-1GE,FEX,NYC-DC2,R24,Active,2024-06-15
FEX-NYC-DC2-337,FEX000337ABC,N2K-C2248TP-E-1GE,FEX,NYC-DC2,R39,Active,2025-05-04
FEX-NYC-DC2-338,FEX000338ABC,N2K-C2348UPQ,FEX,NYC-DC2,R10,Active,2024-12-07
FEX-NYC-DC2-339,FEX000339ABC,N2K-C2348UPQ,FEX,NYC-DC2,R17,Active,2025-09-11
FEX-NYC-DC2-340,FEX000340ABC,N2K-C2348UPQ,FEX,NYC-DC2,R07,Active,2023-06-28
FEX-NYC-DC2-341,FEX000341ABC,N2K-C2348TQ,FEX,NYC-DC2,R15,Active,2024-02-13
FEX-NYC-DC2-342,FEX000342ABC,N2K-C2248TP-E-1GE,FEX,NYC-DC2,R12,Active,2025-05-15
FEX-NYC-DC2-343,FEX000343ABC,N2K-C2232PP,FEX,NYC-DC2,R26,Active,2023-12-03
FEX-NYC-DC2-344,FEX000344ABC,N2K-C2248TP-E-1GE,FEX,NYC-DC2,R23,Active,2024-09-03
FEX-NYC-DC2-345,FEX000345ABC,N2K-C2348UPQ,FEX,NYC-DC2,R17,Active,2023-03-06
FEX-NYC-DC2-346,FEX000346ABC,N2K-C2348UPQ,FEX,NYC-DC2,R35,Active,2023-09-19
FEX-NYC-DC2-347,FEX000347ABC,N2K-C2232PP,FEX,NYC-DC2,R30,Active,2022-11-17
FEX-NYC-DC2-348,FEX000348ABC,N2K-C2248TP-E-1GE,FEX,NYC-DC2,R07,Active,2024-06-23
FEX-NYC-DC2-349,FEX000349ABC,N2K-C2348TQ,FEX,NYC-DC2,R28,Active,2025-04-14
FEX-NYC-DC2-350,FEX000350ABC,N2K-C2348UPQ,FEX,NYC-DC2,R17,Active,2024-11-03
FEX-NYC-DC2-351,FEX000351ABC,N2K-C2248TP-E-1GE,FEX,NYC-DC2,R07,Active,2023-02-05
FEX-NYC-DC2-352,FEX000352ABC,N2K-C2348UPQ,FEX,NYC-DC2,R21,Active,2024-05-22
FEX-NYC-DC2-353,FEX000353ABC,N2K-C2348UPQ,FEX,NYC-DC2,R27,Active,2023-08-17
FEX-NYC-DC2-354,FEX000354ABC,N2K-C2348TQ,FEX,NYC-DC2,R36,Active,2024-05-14
FEX-NYC-DC2-355,FEX000355ABC,N2K-C2348TQ,FEX,NYC-DC2,R37,Active,2025-08-13
FEX-NYC-DC2-356,FEX000356ABC,N2K-C2248TP-E-1GE,FEX,NYC-DC2,R12,Active,2025-10-01
FEX-NYC-DC2-357,FEX000357ABC,N2K-C2248TP-E-1GE,FEX,NYC-DC2,R03,Active,2022-12-12
FEX-NYC-DC2-358,FEX000358ABC,N2K-C2348UPQ,FEX,NYC-DC2,R22,Active,2025-07-17
FEX-NYC-DC2-359,FEX000359ABC,N2K-C2348TQ,FEX,NYC-DC2,R25,Active,2023-02-11
FEX-NYC-DC2-360,FEX000360ABC,N2K-C2348TQ,FEX,NYC-DC2,R14,Active,2025-09-20
FEX-NYC-DC2-361,FEX000361ABC,N2K-C2348TQ,FEX,NYC-DC2,R05,Active,2022-12-17
FEX-NYC-DC2-362,FEX000362ABC,N2K-C2348TQ,FEX,NYC-DC2,R23,Active,2025-06-13
FEX-NYC-DC2-363,FEX000363ABC,N2K-C2348UPQ,FEX,NYC-DC2,R13,Active,2023-10-07
FEX-NYC-DC2-364,FEX000364ABC,N2K-C2348TQ,FEX,NYC-DC2,R40,Active,2025-02-06
FEX-NYC-DC2-365,FEX000365ABC,N2K-C2248TP-E-1GE,FEX,NYC-DC2,R26,Active,2023-06-14
FEX-NYC-DC2-366,FEX000366ABC,N2K-C2348TQ,FEX,NYC-DC2,R33,Active,2023-12-26
FEX-NYC-DC2-367,FEX000367ABC,N2K-C2348TQ,FEX,NYC-DC2,R13,Active,2024-11-10
FEX-NYC-DC2-368,FEX000368ABC,N2K-C2248TP-E-1GE,FEX,NYC-DC2,R03,Active,2024-04-20
FEX-NYC-DC2-369,FEX000369ABC,N2K-C2348TQ,FEX,NYC-DC2,R02,Active,2024-10-14
FEX-NYC-DC2-370,FEX000370ABC,N2K-C2232PP,FEX,NYC-DC2,R32,Active,2023-05-02
FEX-NYC-DC2-371,FEX000371ABC,N2K-C2248TP-E-1GE,FEX,NYC-DC2,R01,Active,2023-06-29
FEX-NYC-DC2-372,FEX000372ABC,N2K-C2232PP,FEX,NYC-DC2,R27,Active,2023-06-30
FEX-NYC-DC2-373,FEX000373ABC,N2K-C2348UPQ,FEX,NYC-DC2,R18,Active,2024-03-04
FEX-NYC-DC2-374,FEX000374ABC,N2K-C2248TP-E-1GE,FEX,NYC-DC2,R29,Active,2023-01-03
FEX-NYC-DC2-375,FEX000375ABC,N2K-C2348UPQ,FEX,NYC-DC2,R07,Active,2025-09-18
FEX-NYC-DC2-376,FEX000376ABC,N2K-C2232PP,FEX,NYC-DC2,R22,Active,2023-03-06
FEX-NYC-DC2-377,FEX000377ABC,N2K-C2348TQ,FEX,NYC-DC2,R20,Active,2024-04-25
FEX-NYC-DC2-378,FEX000378ABC,N2K-C2248TP-E-1GE,FEX,NYC-DC2,R18,Active,2025-09-13
FEX-NYC-DC2-379,FEX000379ABC,N2K-C2248TP-E-1GE,FEX,NYC-DC2,R29,Active,2025-09-21
FEX-NYC-DC2-380,FEX000380ABC,N2K-C2348TQ,FEX,NYC-DC2,R05,Active,2024-04-10
FEX-NYC-DC2-381,FEX000381ABC,N2K-C2348UPQ,FEX,NYC-DC2,R24,Active,2023-01-28
FEX-NYC-DC2-382,FEX000382ABC,N2K-C2232PP,FEX,NYC-DC2,R14,Active,2024-07-20
FEX-NYC-DC2-383,FEX000383ABC,N2K-C2348UPQ,FEX,NYC-DC2,R18,Active,2024-01-06
FEX-NYC-DC2-384,FEX000384ABC,N2K-C2232PP,FEX,NYC-DC2,R34,Active,2024-07-01
FEX-NYC-DC2-385,FEX000385ABC,N2K-C2248TP-E-1GE,FEX,NYC-DC2,R05,Active,2024-08-04
FEX-NYC-DC2-386,FEX000386ABC,N2K-C2348UPQ,FEX,NYC-DC2,R10,Active,2023-01-21
FEX-NYC-DC2-387,FEX000387ABC,N2K-C2248TP-E-1GE,FEX,NYC-DC2,R01,Active,2023-12-22
FEX-NYC-DC2-388,FEX000388ABC,N2K-C2232PP,FEX,NYC-DC2,R05,Active,2025-09-27
FEX-NYC-DC2-389,FEX000389ABC,N2K-C2248TP-E-1GE,FEX,NYC-DC2,R21,Active,2023-01-27
FEX-NYC-DC2-390,FEX000390ABC,N2K-C2348TQ,FEX,NYC-DC2,R09,Active,2025-06-23
FEX-NYC-DC2-391,FEX000391ABC,N2K-C2348TQ,FEX,NYC-DC2,R04,Active,2024-08-19
FEX-NYC-DC2-392,FEX000392ABC,N2K-C2348TQ,FEX,NYC-DC2,R29,Active,2023-10-20
FEX-NYC-DC2-393,FEX000393ABC,N2K-C2248TP-E-1GE,FEX,NYC-DC2,R12,Active,2024-11-11
FEX-NYC-DC2-394,FEX000394ABC,N2K-C2248TP-E-1GE,FEX,NYC-DC2,R23,Active,2023-08-21
FEX-NYC-DC2-395,FEX000395ABC,N2K-C2348UPQ,FEX,NYC-DC2,R33,Active,2023-06-19
FEX-NYC-DC2-396,FEX000396ABC,N2K-C2248TP-E-1GE,FEX,NYC-DC2,R01,Active,2024-06-22
FEX-NYC-DC2-397,FEX000397ABC,N2K-C2348TQ,FEX,NYC-DC2,R38,Active,2022-12-11
FEX-NYC-DC2-398,FEX000398ABC,N2K-C2248TP-E-1GE,FEX,NYC-DC2,R40,Active,2023-03-05
FEX-NYC-DC2-399,FEX000399ABC,N2K-C2248TP-E-1GE,FEX,NYC-DC2,R01,Active,2023-10-19
FEX-NYC-DC2-400,FEX000400ABC,N2K-C2348TQ,FEX,NYC-DC2,R35,Active,2024-11-01
FEX-NYC-DC2-401,FEX000401ABC,N2K-C2348TQ,FEX,NYC-DC2,R09,Active,2023-05-09
FEX-NYC-DC2-402,FEX000402ABC,N2K-C2248TP-E-1GE,FEX,NYC-DC2,R36,Active,2024-07-07
FEX-NYC-DC2-403,FEX000403ABC,N2K-C2348TQ,FEX,NYC-DC2,R06,Active,2023-06-28
FEX-NYC-DC2-404,FEX000404ABC,N2K-C2248TP-E-1GE,FEX,NYC-DC2,R33,Active,2025-05-23
FEX-NYC-DC2-405,FEX000405ABC,N2K-C2248TP-E-1GE,FEX,NYC-DC2,R33,Active,2023-03-01
FEX-NYC-DC2-406,FEX000406ABC,N2K-C2232PP,FEX,NYC-DC2,R01,Active,2025-08-19
FEX-NYC-DC2-407,FEX000407ABC,N2K-C2348UPQ,FEX,NYC-DC2,R34,Active,2023-06-09
FEX-NYC-DC2-408,FEX000408ABC,N2K-C2232PP,FEX,NYC-DC2,R28,Active,2024-04-13
FEX-NYC-DC2-409,FEX000409ABC,N2K-C2348TQ,FEX,NYC-DC2,R06,Active,2023-06-03
FEX-NYC-DC2-410,FEX000410ABC,N2K-C2232PP,FEX,NYC-DC2,R01,Active,2025-02-02
FEX-NYC-DC2-411,FEX000411ABC,N2K-C2248TP-E-1GE,FEX,NYC-DC2,R36,Active,2024-10-13
FEX-NYC-DC2-412,FEX000412ABC,N2K-C2248TP-E-1GE,FEX,NYC-DC2,R35,Active,2024-08-19
FEX-SFO-DC1-413,FEX000413ABC,N2K-C2232PP,FEX,SFO-DC1,R10,Active,2024-03-22
FEX-SFO-DC1-414,FEX000414ABC,N2K-C2348TQ,FEX,SFO-DC1,R08,Active,2025-08-16
FEX-SFO-DC1-415,FEX000415ABC,N2K-C2232PP,FEX,SFO-DC1,R06,Active,2022-11-26
FEX-SFO-DC1-416,FEX000416ABC,N2K-C2248TP-E-1GE,FEX,SFO-DC1,R21,Active,2024-06-12
FEX-SFO-DC1-417,FEX000417ABC,N2K-C2248TP-E-1GE,FEX,SFO-DC1,R21,Active,2023-07-26
FEX-SFO-DC1-418,FEX000418ABC,N2K-C2348TQ,FEX,SFO-DC1,R37,Active,2024-07-13
FEX-SFO-DC1-419,FEX000419ABC,N2K-C2348TQ,FEX,SFO-DC1,R18,Active,2024-05-17
FEX-SFO-DC1-420,FEX000420ABC,N2K-C2248TP-E-1GE,FEX,SFO-DC1,R09,Active,2023-06-09
FEX-SFO-DC1-421,FEX000421ABC,N2K-C2348TQ,FEX,SFO-DC1,R08,Active,2023-12-25
FEX-SFO-DC1-422,FEX000422ABC,N2K-C2348TQ,FEX,SFO-DC1,R12,Active,2024-03-25
FEX-SFO-DC1-423,FEX000423ABC,N2K-C2348TQ,FEX,SFO-DC1,R22,Active,2025-07-20
FEX-SFO-DC1-424,FEX000424ABC,N2K-C2248TP-E-1GE,FEX,SFO-DC1,R04,Active,2022-12-05
FEX-SFO-DC1-425,FEX000425ABC,N2K-C2348UPQ,FEX,SFO-DC1,R16,Active,2025-05-30
FEX-SFO-DC1-426,FEX000426ABC,N2K-C2248TP-E-1GE,FEX,SFO-DC1,R19,Active,2023-01-08
FEX-SFO-DC1-427,FEX000427ABC,N2K-C2348TQ,FEX,SFO-DC1,R26,Active,2024-01-10
FEX-SFO-DC1-428,FEX000428ABC,N2K-C2248TP-E-1GE,FEX,SFO-DC1,R08,Active,2024-04-12
FEX-SFO-DC1-429,FEX000429ABC,N2K-C2248TP-E-1GE,FEX,SFO-DC1,R03,Active,2025-01-31
FEX-SFO-DC1-430,FEX000430ABC,N2K-C2232PP,FEX,SFO-DC1,R28,Active,2023-04-09
FEX-SFO-DC1-431,FEX000431ABC,N2K-C2348UPQ,FEX,SFO-DC1,R03,Active,2023-09-05
FEX-SFO-DC1-432,FEX000432ABC,N2K-C2248TP-E-1GE,FEX,SFO-DC1,R21,Active,2023-10-19
FEX-SFO-DC1-433,FEX000433ABC,N2K-C2232PP,FEX,SFO-DC1,R14,Active,2024-11-20
FEX-SFO-DC1-434,FEX000434ABC,N2K-C2248TP-E-1GE,FEX,SFO-DC1,R14,Active,2024-12-24
FEX-SFO-DC1-435,FEX000435ABC,N2K-C2232PP,FEX,SFO-DC1,R33,Active,2023-03-07
FEX-SFO-DC1-436,FEX000436ABC,N2K-C2348TQ,FEX,SFO-DC1,R12,Active,2024-05-21
FEX-SFO-DC1-437,FEX000437ABC,N2K-C2348UPQ,FEX,SFO-DC1,R05,Active,2025-08-30
FEX-SFO-DC1-438,FEX000438ABC,N2K-C2232PP,FEX,SFO-DC1,R12,Active,2023-07-04
FEX-SFO-DC1-439,FEX000439ABC,N2K-C2248TP-E-1GE,FEX,SFO-DC1,R08,Active,2024-12-05
FEX-SFO-DC1-440,FEX000440ABC,N2K-C2232PP,FEX,SFO-DC1,R04,Active,2024-04-21
FEX-SFO-DC1-441,FEX000441ABC,N2K-C2348UPQ,FEX,SFO-DC1,R10,Active,2023-09-27
FEX-SFO-DC1-442,FEX000442ABC,N2K-C2348TQ,FEX,SFO-DC1,R33,Active,2023-10-09
FEX-SFO-DC1-443,FEX000443ABC,N2K-C2348UPQ,FEX,SFO-DC1,R13,Active,2025-06-28
FEX-SFO-DC1-444,FEX000444ABC,N2K-C2348TQ,FEX,SFO-DC1,R20,Active,2025-03-02
FEX-SFO-DC1-445,FEX000445ABC,N2K-C2248TP-E-1GE,FEX,SFO-DC1,R11,Active,2024-03-16
FEX-SFO-DC1-446,FEX000446ABC,N2K-C2248TP-E-1GE,FEX,SFO-DC1,R24,Active,2023-10-16
FEX-SFO-DC1-447,FEX000447ABC,N2K-C2348UPQ,FEX,SFO-DC1,R09,Active,2025-10-10
FEX-SFO-DC1-448,FEX000448ABC,N2K-C2248TP-E-1GE,FEX,SFO-DC1,R13,Active,2025-08-24
FEX-SFO-DC1-449,FEX000449ABC,N2K-C2248TP-E-1GE,FEX,SFO-DC1,R07,Active,2023-08-14
FEX-SFO-DC1-450,FEX000450ABC,N2K-C2348UPQ,FEX,SFO-DC1,R09,Active,2024-01-01
FEX-SFO-DC1-451,FEX000451ABC,N2K-C2348UPQ,FEX,SFO-DC1,R24,Active,2024-05-24
FEX-SFO-DC1-452,FEX000452ABC,N2K-C2248TP-E-1GE,FEX,SFO-DC1,R31,Active,2024-11-22
FEX-SFO-DC1-453,FEX000453ABC,N2K-C2232PP,FEX,SFO-DC1,R38,Active,2022-11-17
FEX-SFO-DC1-454,FEX000454ABC,N2K-C2248TP-E-1GE,FEX,SFO-DC1,R32,Active,2023-08-09
FEX-SFO-DC1-455,FEX000455ABC,N2K-C2348UPQ,FEX,SFO-DC1,R14,Active,2025-07-04
FEX-SFO-DC1-456,FEX000456ABC,N2K-C2248TP-E-1GE,FEX,SFO-DC1,R37,Active,2024-06-25
FEX-SFO-DC1-457,FEX000457ABC,N2K-C2248TP-E-1GE,FEX,SFO-DC1,R05,Active,2025-02-15
FEX-SFO-DC1-458,FEX000458ABC,N2K-C2232PP,FEX,SFO-DC1,R35,Active,2025-08-19
FEX-SFO-DC1-459,FEX000459ABC,N2K-C2348TQ,FEX,SFO-DC1,R18,Active,2023-08-18
FEX-SFO-DC1-460,FEX000460ABC,N2K-C2248TP-E-1GE,FEX,SFO-DC1,R05,Active,2025-09-07
FEX-SFO-DC1-461,FEX000461ABC,N2K-C2348TQ,FEX,SFO-DC1,R19,Active,2023-05-30
FEX-SFO-DC1-462,FEX000462ABC,N2K-C2348TQ,FEX,SFO-DC1,R10,Active,2024-08-25
FEX-SFO-DC1-463,FEX000463ABC,N2K-C2232PP,FEX,SFO-DC1,R35,Active,2023-06-08
FEX-SFO-DC1-464,FEX000464ABC,N2K-C2348UPQ,FEX,SFO-DC1,R33,Active,2025-01-15
FEX-SFO-DC1-465,FEX000465ABC,N2K-C2348TQ,FEX,SFO-DC1,R18,Active,2025-05-16
FEX-SFO-DC1-466,FEX000466ABC,N2K-C2232PP,FEX,SFO-DC1,R28,Active,2024-10-11
FEX-SFO-DC1-467,FEX000467ABC,N2K-C2348UPQ,FEX,SFO-DC1,R37,Active,2023-01-28
FEX-SFO-DC1-468,FEX000468ABC,N2K-C2348TQ,FEX,SFO-DC1,R14,Active,2025-03-12
FEX-SFO-DC1-469,FEX000469ABC,N2K-C2248TP-E-1GE,FEX,SFO-DC1,R38,Active,2024-09-02
FEX-SFO-DC1-470,FEX000470ABC,N2K-C2232PP,FEX,SFO-DC1,R34,Active,2023-09-03
FEX-SFO-DC1-471,FEX000471ABC,N2K-C2348UPQ,FEX,SFO-DC1,R23,Active,2023-10-14
FEX-SFO-DC1-472,FEX000472ABC,N2K-C2348UPQ,FEX,SFO-DC1,R06,Active,2024-11-11
FEX-SFO-DC1-473,FEX000473ABC,N2K-C2348UPQ,FEX,SFO-DC1,R12,Active,2025-07-18
FEX-SFO-DC1-474,FEX000474ABC,N2K-C2348UPQ,FEX,SFO-DC1,R32,Active,2025-02-16
FEX-SFO-DC1-475,FEX000475ABC,N2K-C2348UPQ,FEX,SFO-DC1,R09,Active,2024-03-17
FEX-SFO-DC1-476,FEX000476ABC,N2K-C2232PP,FEX,SFO-DC1,R29,Active,2024-11-15
FEX-SFO-DC1-477,FEX000477ABC,N2K-C2232PP,FEX,SFO-DC1,R25,Active,2025-03-20
FEX-SFO-DC1-478,FEX000478ABC,N2K-C2348TQ,FEX,SFO-DC1,R09,Active,2023-07-21
FEX-SFO-DC1-479,FEX000479ABC,N2K-C2248TP-E-1GE,FEX,SFO-DC1,R35,Active,2023-09-12
FEX-SFO-DC1-480,FEX000480ABC,N2K-C2232PP,FEX,SFO-DC1,R13,Active,2023-06-24
FEX-SFO-DC1-481,FEX000481ABC,N2K-C2248TP-E-1GE,FEX,SFO-DC1,R40,Active,2025-01-31
FEX-SFO-DC1-482,FEX000482ABC,N2K-C2348UPQ,FEX,SFO-DC1,R15,Active,2024-12-06
FEX-SFO-DC1-483,FEX000483ABC,N2K-C2232PP,FEX,SFO-DC1,R21,Active,2023-08-07
FEX-SFO-DC1-484,FEX000484ABC,N2K-C2348UPQ,FEX,SFO-DC1,R08,Active,2023-07-10
FEX-SFO-DC1-485,FEX000485ABC,N2K-C2232PP,FEX,SFO-DC1,R09,Active,2024-08-30
FEX-SFO-DC1-486,FEX000486ABC,N2K-C2348TQ,FEX,SFO-DC1,R37,Active,2025-01-14
FEX-SFO-DC1-487,FEX000487ABC,N2K-C2232PP,FEX,SFO-DC1,R02,Active,2023-05-27
FEX-SFO-DC1-488,FEX000488ABC,N2K-C2248TP-E-1GE,FEX,SFO-DC1,R25,Active,2025-07-02
FEX-SFO-DC1-489,FEX000489ABC,N2K-C2348TQ,FEX,SFO-DC1,R34,Active,2025-08-13
FEX-SFO-DC1-490,FEX000490ABC,N2K-C2348UPQ,FEX,SFO-DC1,R15,Active,2024-07-05
FEX-SFO-DC1-491,FEX000491ABC,N2K-C2248TP-E-1GE,FEX,SFO-DC1,R16,Active,2023-08-07
FEX-SFO-DC1-492,FEX000492ABC,N2K-C2348TQ,FEX,SFO-DC1,R29,Active,2024-02-03
FEX-SFO-DC1-493,FEX000493ABC,N2K-C2232PP,FEX,SFO-DC1,R05,Active,2022-11-24
FEX-SFO-DC1-494,FEX000494ABC,N2K-C2248TP-E-1GE,FEX,SFO-DC1,R34,Active,2025-07-09
FEX-SFO-DC1-495,FEX000495ABC,N2K-C2348UPQ,FEX,SFO-DC1,R34,Active,2022-12-26
FEX-SFO-DC1-496,FEX000496ABC,N2K-C2232PP,FEX,SFO-DC1,R13,Active,2024-10-23
FEX-SFO-DC1-497,FEX000497ABC,N2K-C2348UPQ,FEX,SFO-DC1,R02,Active,2024-09-09
FEX-SFO-DC1-498,FEX000498ABC,N2K-C2232PP,FEX,SFO-DC1,R08,Active,2024-03-14
FEX-SFO-DC1-499,FEX000499ABC,N2K-C2248TP-E-1GE,FEX,SFO-DC1,R29,Active,2025-08-16
FEX-SFO-DC1-500,FEX000500ABC,N2K-C2232PP,FEX,SFO-DC1,R13,Active,2024-11-05
FEX-SFO-DC1-501,FEX000501ABC,N2K-C2248TP-E-1GE,FEX,SFO-DC1,R05,Active,2025-03-28
FEX-SFO-DC1-502,FEX000502ABC,N2K-C2348TQ,FEX,SFO-DC1,R01,Active,2023-08-04
FEX-SFO-DC1-503,FEX000503ABC,N2K-C2348TQ,FEX,SFO-DC1,R38,Active,2024-01-27
FEX-SFO-DC1-504,FEX000504ABC,N2K-C2248TP-E-1GE,FEX,SFO-DC1,R16,Active,2023-08-26
FEX-SFO-DC1-505,FEX000505ABC,N2K-C2232PP,FEX,SFO-DC1,R37,Active,2023-09-23
FEX-SFO-DC1-506,FEX000506ABC,N2K-C2232PP,FEX,SFO-DC1,R14,Active,2025-09-16
FEX-SFO-DC1-507,FEX000507ABC,N2K-C2348TQ,FEX,SFO-DC1,R30,Active,2023-03-30
FEX-SFO-DC1-508,FEX000508ABC,N2K-C2348TQ,FEX,SFO-DC1,R02,Active,2025-10-08
FEX-SFO-DC1-509,FEX000509ABC,N2K-C2348UPQ,FEX,SFO-DC1,R03,Active,2024-10-14
FEX-SFO-DC1-510,FEX000510ABC,N2K-C2348TQ,FEX,SFO-DC1,R15,Active,2025-05-11
FEX-SFO-DC1-511,FEX000511ABC,N2K-C2348UPQ,FEX,SFO-DC1,R25,Active,2023-10-10
FEX-SFO-DC1-512,FEX000512ABC,N2K-C2348TQ,FEX,SFO-DC1,R32,Active,2023-06-01
FEX-SFO-DC1-513,FEX000513ABC,N2K-C2348TQ,FEX,SFO-DC1,R23,Active,2024-09-15
FEX-SFO-DC1-514,FEX000514ABC,N2K-C2232PP,FEX,SFO-DC1,R02,Active,2024-11-18
FEX-SFO-DC1-515,FEX000515ABC,N2K-C2232PP,FEX,SFO-DC1,R19,Active,2023-01-13
FEX-SFO-DC1-516,FEX000516ABC,N2K-C2348TQ,FEX,SFO-DC1,R20,Active,2025-06-11
FEX-SFO-DC1-517,FEX000517ABC,N2K-C2232PP,FEX,SFO-DC1,R38,Active,2024-05-06
FEX-SFO-DC1-518,FEX000518ABC,N2K-C2348TQ,FEX,SFO-DC1,R16,Active,2023-02-01
FEX-SFO-DC1-519,FEX000519ABC,N2K-C2232PP,FEX,SFO-DC1,R23,Active,2023-06-17
FEX-SFO-DC1-520,FEX000520ABC,N2K-C2348UPQ,FEX,SFO-DC1,R32,Active,2024-03-16
FEX-SFO-DC1-521,FEX000521ABC,N2K-C2348UPQ,FEX,SFO-DC1,R30,Active,2024-03-21
FEX-SFO-DC1-522,FEX000522ABC,N2K-C2348TQ,FEX,SFO-DC1,R40,Active,2024-09-25
FEX-SFO-DC1-523,FEX000523ABC,N2K-C2348TQ,FEX,SFO-DC1,R06,Active,2023-04-02
FEX-SFO-DC1-524,FEX000524ABC,N2K-C2348TQ,FEX,SFO-DC1,R37,Active,2022-12-03
FEX-SFO-DC1-525,FEX000525ABC,N2K-C2348UPQ,FEX,SFO-DC1,R26,Active,2023-02-26
FEX-SFO-DC1-526,FEX000526ABC,N2K-C2348UPQ,FEX,SFO-DC1,R14,Active,2024-02-17
FEX-SFO-DC1-527,FEX000527ABC,N2K-C2248TP-E-1GE,FEX,SFO-DC1,R12,Active,2023-06-05
FEX-SFO-DC1-528,FEX000528ABC,N2K-C2348TQ,FEX,SFO-DC1,R40,Active,2025-04-08
FEX-SFO-DC1-529,FEX000529ABC,N2K-C2348UPQ,FEX,SFO-DC1,R38,Active,2023-07-26
FEX-SFO-DC1-530,FEX000530ABC,N2K-C2248TP-E-1GE,FEX,SFO-DC1,R30,Active,2024-01-12
FEX-SFO-DC1-531,FEX000531ABC,N2K-C2348UPQ,FEX,SFO-DC1,R21,Active,2025-03-12
FEX-SFO-DC1-532,FEX000532ABC,N2K-C2232PP,FEX,SFO-DC1,R22,Active,2023-04-02
FEX-SFO-DC1-533,FEX000533ABC,N2K-C2248TP-E-1GE,FEX,SFO-DC1,R13,Active,2023-06-04
FEX-SFO-DC1-534,FEX000534ABC,N2K-C2248TP-E-1GE,FEX,SFO-DC1,R34,Active,2023-07-12
FEX-SFO-DC1-535,FEX000535ABC,N2K-C2348UPQ,FEX,SFO-DC1,R13,Active,2023-02-24
FEX-SFO-DC1-536,FEX000536ABC,N2K-C2232PP,FEX,SFO-DC1,R33,Active,2024-09-01
FEX-SFO-DC1-537,FEX000537ABC,N2K-C2348TQ,FEX,SFO-DC1,R25,Active,2025-05-15
FEX-SFO-DC1-538,FEX000538ABC,N2K-C2232PP,FEX,SFO-DC1,R31,Active,2025-07-13
FEX-SFO-DC1-539,FEX000539ABC,N2K-C2248TP-E-1GE,FEX,SFO-DC1,R23,Active,2024-08-04
FEX-SFO-DC1-540,FEX000540ABC,N2K-C2348TQ,FEX,SFO-DC1,R13,Active,2023-06-09
FEX-SFO-DC1-541,FEX000541ABC,N2K-C2248TP-E-1GE,FEX,SFO-DC1,R05,Active,2023-05-25
FEX-SFO-DC1-542,FEX000542ABC,N2K-C2348TQ,FEX,SFO-DC1,R10,Active,2025-07-04
FEX-SFO-DC1-543,FEX000543ABC,N2K-C2232PP,FEX,SFO-DC1,R27,Active,2025-01-24
FEX-SFO-DC1-544,FEX000544ABC,N2K-C2232PP,FEX,SFO-DC1,R19,Active,2023-02-07
FEX-SFO-DC1-545,FEX000545ABC,N2K-C2248TP-E-1GE,FEX,SFO-DC1,R35,Active,2025-08-26
FEX-SFO-DC1-546,FEX000546ABC,N2K-C2348TQ,FEX,SFO-DC1,R19,Active,2025-07-11
FEX-SFO-DC1-547,FEX000547ABC,N2K-C2348UPQ,FEX,SFO-DC1,R39,Active,2023-03-15
FEX-SFO-DC1-548,FEX000548ABC,N2K-C2348UPQ,FEX,SFO-DC1,R14,Active,2023-04-10
FEX-SFO-DC1-549,FEX000549ABC,N2K-C2348TQ,FEX,SFO-DC1,R33,Active,2023-11-08
FEX-SFO-DC1-550,FEX000550ABC,N2K-C2248TP-E-1GE,FEX,SFO-DC1,R29,Active,2023-12-05
FEX-SFO-DC1-551,FEX000551ABC,N2K-C2348TQ,FEX,SFO-DC1,R07,Active,2023-08-30
FEX-SFO-DC1-552,FEX000552ABC,N2K-C2232PP,FEX,SFO-DC1,R33,Active,2023-05-09
FEX-SFO-DC1-553,FEX000553ABC,N2K-C2232PP,FEX,SFO-DC1,R14,Active,2024-06-02
FEX-SFO-DC1-554,FEX000554ABC,N2K-C2248TP-E-1GE,FEX,SFO-DC1,R33,Active,2023-04-06
FEX-SFO-DC1-555,FEX000555ABC,N2K-C2348UPQ,FEX,SFO-DC1,R24,Active,2023-12-29
FEX-SFO-DC1-556,FEX000556ABC,N2K-C2248TP-E-1GE,FEX,SFO-DC1,R11,Active,2023-09-28
FEX-SFO-DC1-557,FEX000557ABC,N2K-C2248TP-E-1GE,FEX,SFO-DC1,R37,Active,2024-01-02
FEX-SFO-DC1-558,FEX000558ABC,N2K-C2248TP-E-1GE,FEX,SFO-DC1,R09,Active,2024-08-17
FEX-SFO-DC1-559,FEX000559ABC,N2K-C2232PP,FEX,SFO-DC1,R02,Active,2025-10-07
FEX-SFO-DC1-560,FEX000560ABC,N2K-C2348TQ,FEX,SFO-DC1,R04,Active,2022-12-08
FEX-SFO-DC1-561,FEX000561ABC,N2K-C2232PP,FEX,SFO-DC1,R16,Active,2023-08-26
FEX-SFO-DC1-562,FEX000562ABC,N2K-C2348UPQ,FEX,SFO-DC1,R23,Active,2023-05-31
FEX-SFO-DC1-563,FEX000563ABC,N2K-C2232PP,FEX,SFO-DC1,R28,Active,2025-09-12
FEX-SFO-DC1-564,FEX000564ABC,N2K-C2348UPQ,FEX,SFO-DC1,R22,Active,2024-02-21
FEX-SFO-DC1-565,FEX000565ABC,N2K-C2248TP-E-1GE,FEX,SFO-DC1,R40,Active,2024-11-03
FEX-SFO-DC1-566,FEX000566ABC,N2K-C2248TP-E-1GE,FEX,SFO-DC1,R34,Active,2025-08-19
FEX-SFO-DC1-567,FEX000567ABC,N2K-C2232PP,FEX,SFO-DC1,R02,Active,2023-09-29
FEX-SFO-DC1-568,FEX000568ABC,N2K-C2348UPQ,FEX,SFO-DC1,R18,Active,2023-04-13
FEX-SFO-DC1-569,FEX000569ABC,N2K-C2348UPQ,FEX,SFO-DC1,R32,Active,2024-02-16
FEX-SFO-DC1-570,FEX000570ABC,N2K-C2348TQ,FEX,SFO-DC1,R05,Active,2024-10-29
FEX-SFO-DC1-571,FEX000571ABC,N2K-C2348UPQ,FEX,SFO-DC1,R17,Active,2023-01-21
FEX-SFO-DC1-572,FEX000572ABC,N2K-C2348TQ,FEX,SFO-DC1,R19,Active,2025-08-14
FEX-SFO-DC1-573,FEX000573ABC,N2K-C2248TP-E-1GE,FEX,SFO-DC1,R27,Active,2025-04-02
FEX-SFO-DC1-574,FEX000574ABC,N2K-C2232PP,FEX,SFO-DC1,R27,Active,2023-06-11
FEX-SFO-DC1-575,FEX000575ABC,N2K-C2248TP-E-1GE,FEX,SFO-DC1,R18,Active,2023-01-21
FEX-SFO-DC1-576,FEX000576ABC,N2K-C2348UPQ,FEX,SFO-DC1,R12,Active,2025-03-12
FEX-SFO-DC1-577,FEX000577ABC,N2K-C2248TP-E-1GE,FEX,SFO-DC1,R17,Active,2023-08-06
FEX-SFO-DC1-578,FEX000578ABC,N2K-C2348UPQ,FEX,SFO-DC1,R04,Active,2024-11-07
FEX-SFO-DC1-579,FEX000579ABC,N2K-C2348TQ,FEX,SFO-DC1,R16,Active,2025-03-13
FEX-CHI-DC1-580,FEX000580ABC,N2K-C2348TQ,FEX,CHI-DC1,R17,Active,2024-02-20
FEX-CHI-DC1-581,FEX000581ABC,N2K-C2348TQ,FEX,CHI-DC1,R26,Active,2024-09-22
FEX-CHI-DC1-582,FEX000582ABC,N2K-C2232PP,FEX,CHI-DC1,R02,Active,2023-09-13
FEX-CHI-DC1-583,FEX000583ABC,N2K-C2348UPQ,FEX,CHI-DC1,R18,Active,2023-10-04
FEX-CHI-DC1-584,FEX000584ABC,N2K-C2248TP-E-1GE,FEX,CHI-DC1,R32,Active,2025-08-11
FEX-CHI-DC1-585,FEX000585ABC,N2K-C2248TP-E-1GE,FEX,CHI-DC1,R33,Active,2023-04-25
FEX-CHI-DC1-586,FEX000586ABC,N2K-C2348UPQ,FEX,CHI-DC1,R37,Active,2023-10-19
FEX-CHI-DC1-587,FEX000587ABC,N2K-C2348UPQ,FEX,CHI-DC1,R06,Active,2023-05-15
FEX-CHI-DC1-588,FEX000588ABC,N2K-C2348UPQ,FEX,CHI-DC1,R14,Active,2023-10-19
FEX-CHI-DC1-589,FEX000589ABC,N2K-C2348TQ,FEX,CHI-DC1,R15,Active,2024-04-15
FEX-CHI-DC1-590,FEX000590ABC,N2K-C2232PP,FEX,CHI-DC1,R04,Active,2024-11-16
FEX-CHI-DC1-591,FEX000591ABC,N2K-C2348UPQ,FEX,CHI-DC1,R20,Active,2023-04-26
FEX-CHI-DC1-592,FEX000592ABC,N2K-C2348UPQ,FEX,CHI-DC1,R16,Active,2024-10-07
FEX-CHI-DC1-593,FEX000593ABC,N2K-C2248TP-E-1GE,FEX,CHI-DC1,R30,Active,2023-01-17
FEX-CHI-DC1-594,FEX000594ABC,N2K-C2232PP,FEX,CHI-DC1,R20,Active,2025-02-09
FEX-CHI-DC1-595,FEX000595ABC,N2K-C2348UPQ,FEX,CHI-DC1,R07,Active,2022-12-14
FEX-CHI-DC1-596,FEX000596ABC,N2K-C2232PP,FEX,CHI-DC1,R05,Active,2024-02-09
FEX-CHI-DC1-597,FEX000597ABC,N2K-C2248TP-E-1GE,FEX,CHI-DC1,R36,Active,2024-02-19
FEX-CHI-DC1-598,FEX000598ABC,N2K-C2348UPQ,FEX,CHI-DC1,R26,Active,2023-06-02
FEX-CHI-DC1-599,FEX000599ABC,N2K-C2348TQ,FEX,CHI-DC1,R16,Active,2025-02-08
FEX-CHI-DC1-600,FEX000600ABC,N2K-C2248TP-E-1GE,FEX,CHI-DC1,R04,Active,2023-08-20
FEX-CHI-DC1-601,FEX000601ABC,N2K-C2348UPQ,FEX,CHI-DC1,R09,Active,2024-09-03
FEX-CHI-DC1-602,FEX000602ABC,N2K-C2348UPQ,FEX,CHI-DC1,R15,Active,2024-04-11
FEX-CHI-DC1-603,FEX000603ABC,N2K-C2348UPQ,FEX,CHI-DC1,R37,Active,2023-08-04
FEX-CHI-DC1-604,FEX000604ABC,N2K-C2348TQ,FEX,CHI-DC1,R28,Active,2024-08-18
FEX-CHI-DC1-605,FEX000605ABC,N2K-C2232PP,FEX,CHI-DC1,R38,Active,2024-06-20
FEX-CHI-DC1-606,FEX000606ABC,N2K-C2248TP-E-1GE,FEX,CHI-DC1,R18,Active,2025-09-30
FEX-CHI-DC1-607,FEX000607ABC,N2K-C2248TP-E-1GE,FEX,CHI-DC1,R34,Active,2025-04-20
FEX-CHI-DC1-608,FEX000608ABC,N2K-C2348UPQ,FEX,CHI-DC1,R22,Active,2023-04-24
FEX-CHI-DC1-609,FEX000609ABC,N2K-C2248TP-E-1GE,FEX,CHI-DC1,R10,Active,2024-01-25
FEX-CHI-DC1-610,FEX000610ABC,N2K-C2348UPQ,FEX,CHI-DC1,R09,Active,2025-03-24
FEX-CHI-DC1-611,FEX000611ABC,N2K-C2348TQ,FEX,CHI-DC1,R38,Active,2023-08-02
FEX-CHI-DC1-612,FEX000612ABC,N2K-C2348TQ,FEX,CHI-DC1,R13,Active,2024-05-10
FEX-CHI-DC1-613,FEX000613ABC,N2K-C2348UPQ,FEX,CHI-DC1,R39,Active,2024-04-19
FEX-CHI-DC1-614,FEX000614ABC,N2K-C2348TQ,FEX,CHI-DC1,R01,Active,2024-05-15
FEX-CHI-DC1-615,FEX000615ABC,N2K-C2232PP,FEX,CHI-DC1,R02,Active,2023-10-10
FEX-CHI-DC1-616,FEX000616ABC,N2K-C2248TP-E-1GE,FEX,CHI-DC1,R12,Active,2025-07-18
FEX-CHI-DC1-617,FEX000617ABC,N2K-C2248TP-E-1GE,FEX,CHI-DC1,R38,Active,2022-11-18
FEX-CHI-DC1-618,FEX000618ABC,N2K-C2232PP,FEX,CHI-DC1,R33,Active,2023-12-05
FEX-CHI-DC1-619,FEX000619ABC,N2K-C2348TQ,FEX,CHI-DC1,R05,Active,2022-11-28
FEX-CHI-DC1-620,FEX000620ABC,N2K-C2348TQ,FEX,CHI-DC1,R21,Active,2022-12-18
FEX-CHI-DC1-621,FEX000621ABC,N2K-C2348TQ,FEX,CHI-DC1,R38,Active,2023-04-03
FEX-CHI-DC1-622,FEX000622ABC,N2K-C2248TP-E-1GE,FEX,CHI-DC1,R27,Active,2023-11-16
FEX-CHI-DC1-623,FEX000623ABC,N2K-C2248TP-E-1GE,FEX,CHI-DC1,R04,Active,2023-06-26
FEX-CHI-DC1-624,FEX000624ABC,N2K-C2232PP,FEX,CHI-DC1,R07,Active,2024-06-04
FEX-CHI-DC1-625,FEX000625ABC,N2K-C2348UPQ,FEX,CHI-DC1,R30,Active,2024-11-14
FEX-CHI-DC1-626,FEX000626ABC,N2K-C2232PP,FEX,CHI-DC1,R22,Active,2023-04-26
FEX-CHI-DC1-627,FEX000627ABC,N2K-C2248TP-E-1GE,FEX,CHI-DC1,R35,Active,2024-03-10
FEX-CHI-DC1-628,FEX000628ABC,N2K-C2232PP,FEX,CHI-DC1,R21,Active,2023-06-15
FEX-CHI-DC1-629,FEX000629ABC,N2K-C2348TQ,FEX,CHI-DC1,R31,Active,2023-03-25
FEX-CHI-DC1-630,FEX000630ABC,N2K-C2232PP,FEX,CHI-DC1,R13,Active,2023-07-07
FEX-CHI-DC1-631,FEX000631ABC,N2K-C2232PP,FEX,CHI-DC1,R26,Active,2023-07-13
FEX-CHI-DC1-632,FEX000632ABC,N2K-C2348UPQ,FEX,CHI-DC1,R22,Active,2023-02-14
FEX-CHI-DC1-633,FEX000633ABC,N2K-C2232PP,FEX,CHI-DC1,R33,Active,2025-03-04
FEX-CHI-DC1-634,FEX000634ABC,N2K-C2248TP-E-1GE,FEX,CHI-DC1,R21,Active,2025-06-01
FEX-CHI-DC1-635,FEX000635ABC,N2K-C2248TP-E-1GE,FEX,CHI-DC1,R37,Active,2023-12-17
FEX-CHI-DC1-636,FEX000636ABC,N2K-C2348UPQ,FEX,CHI-DC1,R40,Active,2024-09-25
FEX-CHI-DC1-637,FEX000637ABC,N2K-C2348TQ,FEX,CHI-DC1,R28,Active,2023-04-21
FEX-CHI-DC1-638,FEX000638ABC,N2K-C2348UPQ,FEX,CHI-DC1,R12,Active,2023-11-21
FEX-CHI-DC1-639,FEX000639ABC,N2K-C2232PP,FEX,CHI-DC1,R22,Active,2023-11-02
FEX-CHI-DC1-640,FEX000640ABC,N2K-C2348UPQ,FEX,CHI-DC1,R21,Active,2024-08-19
FEX-CHI-DC1-641,FEX000641ABC,N2K-C2248TP-E-1GE,FEX,CHI-DC1,R03,Active,2025-06-02
FEX-CHI-DC1-642,FEX000642ABC,N2K-C2348TQ,FEX,CHI-DC1,R36,Active,2025-06-06
FEX-CHI-DC1-643,FEX000643ABC,N2K-C2248TP-E-1GE,FEX,CHI-DC1,R05,Active,2023-09-04
FEX-CHI-DC1-644,FEX000644ABC,N2K-C2232PP,FEX,CHI-DC1,R18,Active,2025-06-23
FEX-CHI-DC1-645,FEX000645ABC,N2K-C2348UPQ,FEX,CHI-DC1,R26,Active,2024-02-21
FEX-CHI-DC1-646,FEX000646ABC,N2K-C2348TQ,FEX,CHI-DC1,R12,Active,2023-05-03
FEX-CHI-DC1-647,FEX000647ABC,N2K-C2248TP-E-1GE,FEX,CHI-DC1,R05,Active,2024-04-12
FEX-CHI-DC1-648,FEX000648ABC,N2K-C2248TP-E-1GE,FEX,CHI-DC1,R38,Active,2024-01-25
FEX-CHI-DC1-649,FEX000649ABC,N2K-C2232PP,FEX,CHI-DC1,R14,Active,2023-05-31
FEX-CHI-DC1-650,FEX000650ABC,N2K-C2232PP,FEX,CHI-DC1,R05,Active,2024-05-02
FEX-CHI-DC1-651,FEX000651ABC,N2K-C2348UPQ,FEX,CHI-DC1,R14,Active,2024-08-03
FEX-CHI-DC1-652,FEX000652ABC,N2K-C2348UPQ,FEX,CHI-DC1,R09,Active,2024-04-22
FEX-CHI-DC1-653,FEX000653ABC,N2K-C2348TQ,FEX,CHI-DC1,R21,Active,2024-06-14
FEX-CHI-DC1-654,FEX000654ABC,N2K-C2248TP-E-1GE,FEX,CHI-DC1,R10,Active,2025-05-20
FEX-CHI-DC1-655,FEX000655ABC,N2K-C2232PP,FEX,CHI-DC1,R30,Active,2024-06-30
FEX-CHI-DC1-656,FEX000656ABC,N2K-C2232PP,FEX,CHI-DC1,R34,Active,2025-05-25
FEX-CHI-DC1-657,FEX000657ABC,N2K-C2232PP,FEX,CHI-DC1,R03,Active,2024-04-13
FEX-CHI-DC1-658,FEX000658ABC,N2K-C2232PP,FEX,CHI-DC1,R37,Active,2025-08-13
FEX-CHI-DC1-659,FEX000659ABC,N2K-C2348TQ,FEX,CHI-DC1,R33,Active,2024-10-08
FEX-CHI-DC1-660,FEX000660ABC,N2K-C2232PP,FEX,CHI-DC1,R20,Active,2023-07-30
FEX-CHI-DC1-661,FEX000661ABC,N2K-C2248TP-E-1GE,FEX,CHI-DC1,R28,Active,2025-10-01
FEX-CHI-DC1-662,FEX000662ABC,N2K-C2248TP-E-1GE,FEX,CHI-DC1,R05,Active,2023-07-11
FEX-CHI-DC1-663,FEX000663ABC,N2K-C2348TQ,FEX,CHI-DC1,R01,Active,2023-07-06
FEX-CHI-DC1-664,FEX000664ABC,N2K-C2248TP-E-1GE,FEX,CHI-DC1,R04,Active,2024-02-15
FEX-CHI-DC1-665,FEX000665ABC,N2K-C2232PP,FEX,CHI-DC1,R29,Active,2024-03-14
FEX-CHI-DC1-666,FEX000666ABC,N2K-C2248TP-E-1GE,FEX,CHI-DC1,R15,Active,2024-05-07
FEX-CHI-DC1-667,FEX000667ABC,N2K-C2348TQ,FEX,CHI-DC1,R40,Active,2024-05-21
FEX-CHI-DC1-668,FEX000668ABC,N2K-C2248TP-E-1GE,FEX,CHI-DC1,R04,Active,2024-09-20
FEX-CHI-DC1-669,FEX000669ABC,N2K-C2348UPQ,FEX,CHI-DC1,R32,Active,2025-06-14
FEX-CHI-DC1-670,FEX000670ABC,N2K-C2348TQ,FEX,CHI-DC1,R03,Active,2025-01-30
FEX-CHI-DC1-671,FEX000671ABC,N2K-C2348UPQ,FEX,CHI-DC1,R34,Active,2023-03-23
FEX-CHI-DC1-672,FEX000672ABC,N2K-C2248TP-E-1GE,FEX,CHI-DC1,R09,Active,2023-10-20
FEX-CHI-DC1-673,FEX000673ABC,N2K-C2348UPQ,FEX,CHI-DC1,R02,Active,2023-10-26
FEX-CHI-DC1-674,FEX000674ABC,N2K-C2232PP,FEX,CHI-DC1,R31,Active,2023-08-23
FEX-CHI-DC1-675,FEX000675ABC,N2K-C2248TP-E-1GE,FEX,CHI-DC1,R04,Active,2025-02-06
FEX-CHI-DC1-676,FEX000676ABC,N2K-C2348UPQ,FEX,CHI-DC1,R17,Active,2024-01-21
FEX-CHI-DC1-677,FEX000677ABC,N2K-C2232PP,FEX,CHI-DC1,R02,Active,2022-11-12
FEX-CHI-DC1-678,FEX000678ABC,N2K-C2232PP,FEX,CHI-DC1,R22,Active,2022-12-13
FEX-CHI-DC1-679,FEX000679ABC,N2K-C2232PP,FEX,CHI-DC1,R34,Active,2025-03-02
FEX-CHI-DC1-680,FEX000680ABC,N2K-C2248TP-E-1GE,FEX,CHI-DC1,R36,Active,2025-08-20
FEX-CHI-DC1-681,FEX000681ABC,N2K-C2348UPQ,FEX,CHI-DC1,R27,Active,2025-06-30
FEX-CHI-DC1-682,FEX000682ABC,N2K-C2232PP,FEX,CHI-DC1,R31,Active,2023-10-17
FEX-CHI-DC1-683,FEX000683ABC,N2K-C2348TQ,FEX,CHI-DC1,R34,Active,2023-06-10
FEX-CHI-DC1-684,FEX000684ABC,N2K-C2348TQ,FEX,CHI-DC1,R37,Active,2023-08-09
FEX-CHI-DC1-685,FEX000685ABC,N2K-C2232PP,FEX,CHI-DC1,R23,Active,2024-08-06
FEX-CHI-DC1-686,FEX000686ABC,N2K-C2348UPQ,FEX,CHI-DC1,R33,Active,2023-02-02
FEX-CHI-DC1-687,FEX000687ABC,N2K-C2348TQ,FEX,CHI-DC1,R34,Active,2024-02-14
FEX-CHI-DC1-688,FEX000688ABC,N2K-C2232PP,FEX,CHI-DC1,R40,Active,2023-12-04
FEX-CHI-DC1-689,FEX000689ABC,N2K-C2232PP,FEX,CHI-DC1,R08,Active,2025-04-02
FEX-CHI-DC1-690,FEX000690ABC,N2K-C2348UPQ,FEX,CHI-DC1,R05,Active,2023-03-06
FEX-CHI-DC1-691,FEX000691ABC,N2K-C2232PP,FEX,CHI-DC1,R08,Active,2024-03-15
FEX-CHI-DC1-692,FEX000692ABC,N2K-C2248TP-E-1GE,FEX,CHI-DC1,R29,Active,2024-01-27
FEX-CHI-DC1-693,FEX000693ABC,N2K-C2348UPQ,FEX,CHI-DC1,R37,Active,2025-08-03
FEX-CHI-DC1-694,FEX000694ABC,N2K-C2232PP,FEX,CHI-DC1,R23,Active,2022-12-27
FEX-CHI-DC1-695,FEX000695ABC,N2K-C2232PP,FEX,CHI-DC1,R28,Active,2023-01-02
FEX-CHI-DC1-696,FEX000696ABC,N2K-C2248TP-E-1GE,FEX,CHI-DC1,R31,Active,2025-09-01
FEX-CHI-DC1-697,FEX000697ABC,N2K-C2348TQ,FEX,CHI-DC1,R30,Active,2024-11-21
FEX-CHI-DC1-698,FEX000698ABC,N2K-C2348TQ,FEX,CHI-DC1,R36,Active,2023-09-26
FEX-CHI-DC1-699,FEX000699ABC,N2K-C2248TP-E-1GE,FEX,CHI-DC1,R11,Active,2023-10-06
FEX-CHI-DC1-700,FEX000700ABC,N2K-C2348UPQ,FEX,CHI-DC1,R12,Active,2023-03-29
FEX-CHI-DC1-701,FEX000701ABC,N2K-C2348TQ,FEX,CHI-DC1,R01,Active,2023-11-02
FEX-CHI-DC1-702,FEX000702ABC,N2K-C2248TP-E-1GE,FEX,CHI-DC1,R04,Active,2024-05-11
FEX-CHI-DC1-703,FEX000703ABC,N2K-C2348TQ,FEX,CHI-DC1,R05,Active,2024-06-09
FEX-CHI-DC1-704,FEX000704ABC,N2K-C2348TQ,FEX,CHI-DC1,R03,Active,2023-09-12
FEX-CHI-DC1-705,FEX000705ABC,N2K-C2232PP,FEX,CHI-DC1,R24,Active,2023-03-16
FEX-CHI-DC1-706,FEX000706ABC,N2K-C2348TQ,FEX,CHI-DC1,R18,Active,2023-09-05
FEX-CHI-DC1-707,FEX000707ABC,N2K-C2232PP,FEX,CHI-DC1,R11,Active,2024-11-15
FEX-CHI-DC1-708,FEX000708ABC,N2K-C2232PP,FEX,CHI-DC1,R24,Active,2024-01-16
FEX-CHI-DC1-709,FEX000709ABC,N2K-C2348UPQ,FEX,CHI-DC1,R15,Active,2025-09-26
FEX-CHI-DC1-710,FEX000710ABC,N2K-C2248TP-E-1GE,FEX,CHI-DC1,R39,Active,2024-05-17
FEX-CHI-DC1-711,FEX000711ABC,N2K-C2248TP-E-1GE,FEX,CHI-DC1,R33,Active,2024-08-28
FEX-CHI-DC1-712,FEX000712ABC,N2K-C2232PP,FEX,CHI-DC1,R17,Active,2025-03-31
FEX-CHI-DC1-713,FEX000713ABC,N2K-C2348UPQ,FEX,CHI-DC1,R05,Active,2023-11-26
FEX-CHI-DC1-714,FEX000714ABC,N2K-C2248TP-E-1GE,FEX,CHI-DC1,R38,Active,2024-02-22
FEX-CHI-DC1-715,FEX000715ABC,N2K-C2232PP,FEX,CHI-DC1,R12,Active,2024-12-02
FEX-CHI-DC1-716,FEX000716ABC,N2K-C2232PP,FEX,CHI-DC1,R37,Active,2024-01-31
FEX-CHI-DC1-717,FEX000717ABC,N2K-C2348TQ,FEX,CHI-DC1,R14,Active,2024-09-20
FEX-CHI-DC1-718,FEX000718ABC,N2K-C2348UPQ,FEX,CHI-DC1,R40,Active,2024-03-10
FEX-CHI-DC1-719,FEX000719ABC,N2K-C2232PP,FEX,CHI-DC1,R36,Active,2025-08-11
FEX-CHI-DC1-720,FEX000720ABC,N2K-C2348TQ,FEX,CHI-DC1,R11,Active,2024-05-16
FEX-CHI-DC1-721,FEX000721ABC,N2K-C2348TQ,FEX,CHI-DC1,R20,Active,2023-10-24
FEX-CHI-DC1-722,FEX000722ABC,N2K-C2348TQ,FEX,CHI-DC1,R35,Active,2024-05-08
FEX-CHI-DC1-723,FEX000723ABC,N2K-C2348UPQ,FEX,CHI-DC1,R12,Active,2025-05-28
FEX-CHI-DC1-724,FEX000724ABC,N2K-C2348UPQ,FEX,CHI-DC1,R35,Active,2023-10-28
FEX-CHI-DC1-725,FEX000725ABC,N2K-C2348UPQ,FEX,CHI-DC1,R01,Active,2023-04-10
FEX-CHI-DC1-726,FEX000726ABC,N2K-C2248TP-E-1GE,FEX,CHI-DC1,R17,Active,2023-01-18
FEX-CHI-DC1-727,FEX000727ABC,N2K-C2348UPQ,FEX,CHI-DC1,R30,Active,2023-09-07
FEX-CHI-DC1-728,FEX000728ABC,N2K-C2248TP-E-1GE,FEX,CHI-DC1,R30,Active,2023-03-04
FEX-CHI-DC1-729,FEX000729ABC,N2K-C2248TP-E-1GE,FEX,CHI-DC1,R18,Active,2024-08-30
FEX-CHI-DC1-730,FEX000730ABC,N2K-C2348TQ,FEX,CHI-DC1,R35,Active,2023-12-01
FEX-CHI-DC1-731,FEX000731ABC,N2K-C2232PP,FEX,CHI-DC1,R26,Active,2023-07-16
FEX-CHI-DC1-732,FEX000732ABC,N2K-C2348UPQ,FEX,CHI-DC1,R33,Active,2024-01-20
FEX-CHI-DC1-733,FEX000733ABC,N2K-C2248TP-E-1GE,FEX,CHI-DC1,R24,Active,2024-01-24
